IMG010218072553.jpg,588,652,577,662
IMG010218072648.jpg,603,520,605,521
IMG010218072650.jpg,553,508,560,512
IMG010218072822.jpg,602,518,605,521
IMG010218072824.jpg,550,508,560,512
IMG010218073002.jpg,575,432,571,438
IMG010218073005.jpg,442,389,440,388
IMG010218073205.jpg,612,659,617,658
IMG010218073207.jpg,554,678,560,672
IMG010218073413.jpg,540,481,525,475
IMG010218073415.jpg,464,451,468,452
IMG010218073710.jpg,777,768,788,758
IMG010218073714.jpg,775,762,782,749
IMG010218073718.jpg,770,755,777,740
IMG010218073720.jpg,732,724,720,713
IMG010218075416.jpg,628,645,617,635
IMG010218075418.jpg,546,620,537,621
IMG010218075534.jpg,561,536,560,525
IMG010218075536.jpg,521,443,514,448
IMG010218080106.jpg,591,481,611,470
IMG010218080108.jpg,546,464,537,484
IMG010218080156.jpg,610,636,605,617
IMG010218080301.jpg,592,415,605,411
IMG010218080304.jpg,486,359,457,310
IMG010218080306.jpg,592,409,605,411
IMG010218080308.jpg,492,361,485,361
IMG010218084730.jpg,560,582,571,585
IMG010218085955.jpg,584,499,571,512
IMG010218090227.jpg,596,555,605,539
IMG010218090229.jpg,518,519,514,516
IMG010218091015.jpg,576,586,571,585
IMG010218091018.jpg,453,532,457,521
IMG010218091143.jpg,560,527,560,525
IMG010218091145.jpg,447,541,457,534
IMG010218093109.jpg,592,552,600,562
IMG010218093112.jpg,503,491,502,493
IMG010218093311.jpg,594,558,600,562
IMG010218093611.jpg,630,747,617,745
IMG010218093755.jpg,626,539,628,530
IMG010218093759.jpg,618,537,617,521
IMG010218093802.jpg,543,584,531,585
IMG010218093923.jpg,561,567,542,557
IMG010218094030.jpg,604,545,617,539
IMG010218102358.jpg,562,584,560,589
IMG010218102402.jpg,559,578,560,589
IMG010218102956.jpg,637,647,617,658
IMG010218102959.jpg,546,530,537,548
IMG010218103053.jpg,335,286,331,297
IMG010218103415.jpg,519,618,525,621
IMG010218103707.jpg,598,646,560,617
IMG010218103710.jpg,478,617,468,598
IMG010218103919.jpg,545,498,548,484
IMG010218103922.jpg,573,420,554,438
IMG010218104359.jpg,575,458,565,457
IMG010218104402.jpg,518,396,525,402
IMG010218115627.jpg,472,451,468,452
IMG010218115832.jpg,457,466,468,452
IMG010218124853.jpg,571,605,560,603
IMG010218125205.jpg,522,595,525,603
IMG010218125422.jpg,558,618,560,608
IMG010218125424.jpg,747,784,725,777
IMG010218125754.jpg,715,701,708,694
IMG010218125758.jpg,746,373,725,374
IMG010218130034.jpg,646,765,651,768
IMG010218130040.jpg,640,751,645,745
IMG010219092030.jpg,680,588,697,576
IMG010219092032.jpg,605,553,594,557
IMG010219092122.jpg,680,477,702,480
IMG010219092124.jpg,624,382,765,132
IMG010219092142.jpg,652,531,628,548
IMG010219092146.jpg,653,527,651,525
IMG010219092148.jpg,601,503,605,516
IMG010219092231.jpg,732,462,742,461
IMG010219092233.jpg,649,446,640,448
IMG010219092309.jpg,687,538,668,534
IMG010219092311.jpg,624,503,611,493
IMG010219092356.jpg,667,446,662,438
IMG010219092358.jpg,614,358,617,365
IMG010219092524.jpg,721,409,742,425
IMG010219092526.jpg,632,375,628,370
IMG010219092545.jpg,594,429,582,438
IMG010219092647.jpg,710,538,708,530
IMG010219092650.jpg,545,457,548,457
IMG010219092807.jpg,619,479,594,461
IMG010219092809.jpg,467,299,451,288
IMG010219092849.jpg,691,484,702,484
IMG010219092852.jpg,534,355,525,347
IMG010219093105.jpg,628,405,617,402
IMG010219093107.jpg,507,327,514,320
IMG010219093441.jpg,695,387,697,379
IMG010219093444.jpg,688,376,697,379
IMG010219093448.jpg,673,362,662,365
IMG010219093550.jpg,668,566,668,571
IMG010219093552.jpg,623,538,737,731
IMG010219093636.jpg,613,488,588,438
IMG010219093639.jpg,562,445,565,438
IMG010219093730.jpg,620,508,617,512
IMG010219093732.jpg,558,458,560,452
IMG010219093813.jpg,625,682,594,699
IMG010219093815.jpg,568,608,560,598
IMG010219093902.jpg,613,525,588,512
IMG010219093904.jpg,562,487,560,493
IMG010219093933.jpg,660,513,662,512
IMG010219093937.jpg,665,510,662,502
IMG010219093940.jpg,657,504,662,512
IMG010219093942.jpg,619,478,605,475
IMG010219094019.jpg,641,533,782,736
IMG010219094021.jpg,567,503,542,489
IMG010219094112.jpg,691,513,697,516
IMG010219094205.jpg,636,477,617,452
IMG010219094208.jpg,416,218,400,228
IMG010219094303.jpg,706,352,708,347
IMG010219094306.jpg,533,280,525,274
IMG010219094406.jpg,483,375,480,365
IMG010219094922.jpg,660,352,662,365
IMG010219094926.jpg,651,340,662,347
IMG010219094929.jpg,651,332,651,333
IMG010219095031.jpg,674,507,662,512
IMG010219095034.jpg,593,436,571,425
IMG010219095144.jpg,721,461,714,452
IMG010219095148.jpg,719,454,714,452
IMG010219095150.jpg,677,417,702,402
IMG010219095301.jpg,710,271,731,278
IMG010219095303.jpg,622,197,611,201
IMG010219095401.jpg,668,388,782,589
IMG010219095403.jpg,643,312,937,731
IMG010219095502.jpg,667,483,765,585
IMG010219095505.jpg,560,333,565,347
IMG010219095643.jpg,671,606,662,603
IMG010219095646.jpg,561,468,565,438
IMG010219102129.jpg,596,539,571,548
IMG010219102131.jpg,513,526,554,585
IMG010219102151.jpg,633,470,600,443
IMG010219102153.jpg,612,382,582,402
IMG010219102301.jpg,656,542,600,589
IMG010219102304.jpg,606,485,582,493
IMG010219102353.jpg,657,545,782,736
IMG010219102356.jpg,636,504,617,512
IMG010219102544.jpg,621,498,588,516
IMG010219102547.jpg,535,393,548,388
IMG010219102701.jpg,674,522,674,521
IMG010219102704.jpg,565,326,560,320
IMG010219102925.jpg,712,418,731,420
IMG010219102928.jpg,744,365,748,361
IMG010219103012.jpg,637,547,600,589
IMG010219103014.jpg,554,528,565,562
IMG010219103112.jpg,594,489,582,461
IMG010219103114.jpg,528,468,491,420
IMG010219103231.jpg,638,574,622,580
IMG010219103233.jpg,610,525,108,896
IMG010219103426.jpg,667,464,657,475
IMG010219103428.jpg,611,375,600,443
IMG010219103546.jpg,667,488,800,685
IMG010219103549.jpg,633,428,617,434
IMG010219103632.jpg,654,478,680,475
IMG010219103635.jpg,622,418,594,434
IMG010219104254.jpg,659,578,657,585
IMG010219104258.jpg,661,576,885,205
IMG010219104300.jpg,600,547,605,553
IMG010219104320.jpg,626,485,600,443
IMG010219104322.jpg,593,405,588,438
IMG010219104455.jpg,672,489,685,493
IMG010219104458.jpg,644,475,737,269
IMG010219104634.jpg,705,527,702,530
IMG010219104637.jpg,519,462,554,438
IMG010219104716.jpg,659,594,737,731
IMG010219104718.jpg,576,518,565,530
IMG010219104842.jpg,692,445,697,448
IMG010219104846.jpg,690,437,708,438
IMG010219104849.jpg,683,436,697,443
IMG010219104939.jpg,734,387,748,379
IMG010219104942.jpg,735,375,742,365
IMG010219104946.jpg,728,375,742,370
IMG010219105012.jpg,631,511,782,736
IMG010219105035.jpg,685,450,714,452
IMG010219105038.jpg,654,364,782,589
IMG010219105143.jpg,650,500,651,512
IMG010219105145.jpg,552,420,560,429
IMG010219105258.jpg,713,405,748,420
IMG010219105300.jpg,706,349,782,443
IMG010219105422.jpg,603,567,600,566
IMG010219105425.jpg,384,346,382,352
IMG010219105645.jpg,599,534,571,530
IMG010219105647.jpg,424,388,405,365
IMG010219105725.jpg,700,470,708,475
IMG010219105728.jpg,493,417,600,589
IMG010219110201.jpg,633,527,622,534
IMG010318071813.jpg,536,659,525,676
IMG010318071816.jpg,527,521,525,516
IMG010318072003.jpg,504,567,508,562
IMG010318072006.jpg,545,371,548,374
IMG010318072214.jpg,553,630,537,630
IMG010318072216.jpg,560,481,554,475
IMG010318072426.jpg,440,440,434,438
IMG010318114054.jpg,595,625,594,630
IMG010318114056.jpg,591,536,565,548
IMG010318114233.jpg,509,577,514,589
IMG010318114235.jpg,490,529,480,530
IMG010318114237.jpg,510,570,520,562
IMG010318114240.jpg,487,532,480,530
IMG010318114407.jpg,514,656,514,667
IMG010318114552.jpg,546,720,531,731
IMG010318114556.jpg,545,711,531,731
IMG010318114559.jpg,551,643,525,640
IMG010318114656.jpg,570,612,560,598
IMG010318114700.jpg,563,605,560,598
IMG010318114702.jpg,540,570,525,557
IMG010318114802.jpg,529,634,525,640
IMG010318114805.jpg,374,445,365,448
IMG010318124414.jpg,588,607,577,621
IMG010318124419.jpg,585,605,577,621
IMG010318124421.jpg,572,560,560,534
IMG010318124721.jpg,672,581,651,603
IMG010318124723.jpg,667,542,662,539
IMG010318124835.jpg,519,656,514,635
IMG010318124838.jpg,431,346,434,338
IMG010318125035.jpg,554,609,537,621
IMG010318125038.jpg,551,541,531,525
IMG010318125218.jpg,525,816,525,822
IMG010318125221.jpg,510,740,514,745
IMG010318125549.jpg,597,711,611,708
IMG010318125552.jpg,420,322,422,315
IMG010318125943.jpg,542,678,520,704
IMG010318125946.jpg,527,614,525,621
IMG010318130153.jpg,449,392,457,388
IMG010319075601.jpg,682,617,662,612
IMG010319075604.jpg,605,551,605,557
IMG010319075844.jpg,689,633,668,658
IMG010319080229.jpg,711,641,708,640
IMG010319080232.jpg,709,641,708,640
IMG010319080234.jpg,683,611,674,612
IMG010319125907.jpg,636,582,622,585
IMG010319125912.jpg,636,587,617,585
IMG010319125915.jpg,381,586,377,589
IMG010319130159.jpg,695,608,708,603
IMG010319130201.jpg,624,548,617,539
IMG010319130315.jpg,654,585,651,594
IMG010319130318.jpg,654,582,651,594
IMG010319130320.jpg,622,556,617,566
IMG010319130614.jpg,680,593,697,598
IMG010319130617.jpg,413,578,400,585
IMG010319135729.jpg,700,544,731,566
IMG010319135732.jpg,697,548,731,553
IMG010319135735.jpg,691,548,731,557
IMG010319135913.jpg,695,512,708,502
IMG010319135915.jpg,618,502,611,493
IMG010319140006.jpg,673,580,680,585
IMG010319140008.jpg,620,521,628,530
IMG010319140033.jpg,698,595,731,576
IMG010319140035.jpg,630,586,605,580
IMG010319140141.jpg,695,590,697,589
IMG010319140145.jpg,690,591,702,598
IMG010319140148.jpg,683,590,662,585
IMG010319140226.jpg,703,577,708,566
IMG010319140228.jpg,618,551,594,571
IMG010319140257.jpg,615,591,737,731
IMG010319140259.jpg,568,517,565,562
IMG010319140405.jpg,705,585,708,585
IMG010319140425.jpg,636,537,617,553
IMG010319140427.jpg,576,537,565,530
IMG010319140516.jpg,699,615,708,621
IMG010319140520.jpg,693,610,697,598
IMG010319140523.jpg,689,603,697,598
IMG010319140604.jpg,671,596,685,603
IMG010319140606.jpg,619,544,582,566
IMG010319140639.jpg,724,711,742,713
IMG010319140641.jpg,490,612,554,731
IMG010319140717.jpg,687,411,1108,845
IMG010319140720.jpg,387,380,800,768
IMG010319140804.jpg,688,587,714,585
IMG010319140807.jpg,564,578,560,576
IMG010319140838.jpg,733,555,742,557
IMG010319140841.jpg,470,370,782,736
IMG010319141002.jpg,677,400,668,379
IMG010319141137.jpg,672,477,685,461
IMG010319141316.jpg,692,684,708,694
IMG010319141319.jpg,498,462,520,480
IMG010319145606.jpg,760,492,748,493
IMG010319145609.jpg,664,405,668,397
IMG010319145627.jpg,648,551,634,548
IMG010319145630.jpg,644,548,622,562
IMG010319145633.jpg,638,544,617,566
IMG010319145635.jpg,601,495,588,512
IMG010319145656.jpg,669,492,685,484
IMG010319145659.jpg,666,478,662,475
IMG010319145703.jpg,663,470,657,461
IMG010319145716.jpg,640,517,622,525
IMG010319145720.jpg,637,515,617,516
IMG010319145722.jpg,559,464,565,438
IMG010319145812.jpg,701,605,702,603
IMG010319145815.jpg,637,543,600,589
IMG010319145845.jpg,556,643,565,658
IMG010319145847.jpg,479,581,765,132
IMG010319145913.jpg,661,525,977,73
IMG010319145915.jpg,562,494,565,498
IMG010319145941.jpg,703,440,731,434
IMG010319145943.jpg,633,384,754,137
IMG010319150017.jpg,664,592,657,580
IMG010319150019.jpg,478,475,497,475
IMG010319150047.jpg,673,495,674,475
IMG010319150049.jpg,659,454,662,475
IMG010319150050.jpg,671,485,674,475
IMG010319150054.jpg,674,479,674,475
IMG010319150126.jpg,708,574,708,566
IMG010319150128.jpg,577,463,565,452
IMG010319150131.jpg,702,570,708,566
IMG010319150134.jpg,583,460,565,452
IMG010319150201.jpg,674,481,737,585
IMG010319150203.jpg,646,423,1131,1005
IMG010319150304.jpg,565,652,542,621
IMG010319150432.jpg,629,609,1000,73
IMG010319150434.jpg,409,524,400,521
IMG010319150743.jpg,722,560,720,557
IMG010319152250.jpg,693,543,708,530
IMG010319152252.jpg,513,524,525,521
IMG010319152641.jpg,483,481,480,457
IMG010319153004.jpg,716,625,714,621
IMG010319153007.jpg,711,621,708,621
IMG010319153010.jpg,631,581,617,576
IMG010319153050.jpg,680,547,674,548
IMG010319153838.jpg,680,560,674,548
IMG010319153841.jpg,677,564,674,548
IMG010319153930.jpg,714,598,737,580
IMG010319153934.jpg,711,597,737,580
IMG010319154056.jpg,639,492,594,306
IMG010319154059.jpg,633,492,754,256
IMG010319154101.jpg,569,454,554,434
IMG010319154223.jpg,653,535,628,521
IMG010319154227.jpg,648,534,628,548
IMG010319154229.jpg,577,490,565,493
IMG010319154348.jpg,706,514,708,516
IMG010319154352.jpg,703,516,702,498
IMG010319154356.jpg,698,516,708,512
IMG010319154417.jpg,687,505,668,512
IMG010319154421.jpg,682,503,674,493
IMG010319154424.jpg,679,502,685,493
IMG010319154512.jpg,643,478,628,457
IMG010319154514.jpg,497,389,491,370
IMG010319154620.jpg,692,583,697,589
IMG010319154624.jpg,688,580,668,585
IMG010319154626.jpg,608,462,617,457
IMG010319154749.jpg,650,536,651,525
IMG010319154751.jpg,589,510,571,512
IMG010319154907.jpg,646,563,634,585
IMG010319154911.jpg,644,565,634,553
IMG010319154914.jpg,643,563,622,553
IMG010319155003.jpg,666,579,668,571
IMG010319155006.jpg,659,575,657,585
IMG010319155008.jpg,602,554,617,539
IMG010319155107.jpg,669,566,691,589
IMG010319155109.jpg,601,525,577,553
IMG010319155152.jpg,678,545,691,544
IMG010319155155.jpg,674,543,674,548
IMG010319155157.jpg,595,500,588,475
IMG010319155242.jpg,678,595,680,585
IMG010319155246.jpg,669,589,1102,13
IMG010319155249.jpg,668,588,691,589
IMG010319155329.jpg,650,558,662,557
IMG010319155331.jpg,573,507,571,502
IMG010319155525.jpg,665,571,662,566
IMG010319155527.jpg,514,428,525,420
IMG010319155648.jpg,682,588,697,589
IMG010319155650.jpg,504,440,497,434
IMG010319160336.jpg,737,652,742,658
IMG010319160340.jpg,730,650,725,658
IMG010319160342.jpg,653,623,651,617
IMG010319160954.jpg,675,585,714,598
IMG010319160957.jpg,670,586,662,585
IMG010319160959.jpg,605,551,582,553
IMG010319161236.jpg,648,612,645,598
IMG010319161240.jpg,650,607,645,598
IMG010319161242.jpg,522,477,525,475
IMG010319161341.jpg,699,622,708,621
IMG010319161344.jpg,616,550,588,548
IMG010319161459.jpg,706,674,702,676
IMG010319161503.jpg,701,675,680,658
IMG010319161506.jpg,697,674,680,658
IMG010319161607.jpg,682,558,680,585
IMG010319161611.jpg,679,557,691,548
IMG010319161614.jpg,672,555,691,548
IMG010319161722.jpg,657,576,668,585
IMG010319161726.jpg,656,577,634,553
IMG010319161729.jpg,523,442,537,434
IMG010319161927.jpg,712,547,725,548
IMG010319161931.jpg,707,532,702,530
IMG010319161934.jpg,702,530,708,530
IMG010319161936.jpg,638,491,1045,992
IMG010319161954.jpg,656,546,662,539
IMG010319161956.jpg,584,521,565,507
IMG010319162026.jpg,655,501,680,480
IMG010319162029.jpg,652,491,634,512
IMG010319162335.jpg,674,597,662,585
IMG010319162338.jpg,667,587,662,589
IMG010319162342.jpg,667,580,662,585
IMG010319162512.jpg,690,576,708,585
IMG010319162516.jpg,688,560,708,557
IMG010319162548.jpg,651,490,1011,598
IMG010319162550.jpg,570,466,1131,566
IMG010319162652.jpg,687,585,982,109
IMG010319162807.jpg,696,353,708,347
IMG010406014535.jpg,712,620,708,621
IMG010406014537.jpg,647,585,651,589
IMG010406014551.jpg,544,814,531,804
IMG010406020830.jpg,574,436,571,438
IMG010406020852.jpg,712,611,708,603
IMG010406020855.jpg,654,581,662,585
IMG010406020856.jpg,707,603,708,603
IMG010406020858.jpg,659,586,662,585
IMG010406020912.jpg,562,573,560,585
IMG010406020915.jpg,554,568,554,562
IMG010406020917.jpg,499,555,508,544
IMG010406020933.jpg,729,645,720,640
IMG010406020935.jpg,693,622,702,617
IMG010406020949.jpg,504,745,514,745
IMG010406020952.jpg,448,696,451,694
IMG010406021011.jpg,757,598,742,598
IMG010406021040.jpg,577,581,571,585
IMG010406021043.jpg,522,560,525,548
IMG010406021124.jpg,733,683,742,672
IMG010406021126.jpg,684,665,685,667
IMG010406021140.jpg,523,748,514,740
IMG010406021142.jpg,497,685,502,681
IMG010406021202.jpg,713,554,708,557
IMG010406021204.jpg,679,525,685,521
IMG010406021218.jpg,512,565,520,557
IMG010406021238.jpg,779,626,777,608
IMG010406021240.jpg,717,588,702,603
IMG010406021350.jpg,473,714,480,731
IMG010406021352.jpg,476,658,480,658
IMG010406021407.jpg,726,629,731,630
IMG010406021409.jpg,674,608,685,603
IMG010406021438.jpg,498,725,480,731
IMG010406021459.jpg,771,838,760,841
IMG010406021502.jpg,769,831,742,818
IMG010406021505.jpg,761,828,754,822
IMG010406021507.jpg,729,814,731,813
IMG010406021524.jpg,474,745,468,745
IMG010406021543.jpg,734,665,742,667
IMG010406021545.jpg,701,643,708,640
IMG010406021559.jpg,517,607,525,603
IMG010406021619.jpg,733,646,742,644
IMG010406021621.jpg,683,615,685,608
IMG010406021638.jpg,550,732,548,740
IMG010406021640.jpg,496,676,480,676
IMG010406021655.jpg,714,634,708,630
IMG010406021657.jpg,651,589,651,594
IMG010406021734.jpg,533,577,525,566
IMG010406021756.jpg,771,739,777,740
IMG010406021759.jpg,768,734,754,731
IMG010406021801.jpg,713,715,708,713
IMG010406021815.jpg,543,652,531,658
IMG010406021841.jpg,763,761,777,758
IMG010406021843.jpg,755,752,742,745
IMG010406021857.jpg,522,587,525,589
IMG010406021859.jpg,466,537,468,525
IMG010406021920.jpg,753,616,754,603
IMG010406021923.jpg,678,606,685,608
IMG010406021945.jpg,512,656,514,662
IMG010406021947.jpg,445,631,440,598
IMG010406021949.jpg,509,654,485,658
IMG010406021952.jpg,452,638,457,630
IMG010406022034.jpg,752,706,725,713
IMG010406022036.jpg,749,694,725,704
IMG010406022050.jpg,559,650,560,635
IMG010406022123.jpg,724,625,708,612
IMG010406022125.jpg,678,622,685,612
IMG010406022301.jpg,489,576,480,566
IMG010406022343.jpg,704,665,708,662
IMG010406022345.jpg,729,655,742,662
IMG010406022359.jpg,520,521,525,516
IMG010406022416.jpg,759,659,754,658
IMG010406022418.jpg,714,648,708,640
IMG010406022439.jpg,508,723,514,736
IMG010406022442.jpg,480,669,502,667
IMG010406022502.jpg,703,602,708,603
IMG010406022504.jpg,670,610,685,603
IMG010406022902.jpg,771,764,777,754
IMG010406022904.jpg,771,732,754,731
IMG010406022917.jpg,559,710,537,713
IMG010406022920.jpg,550,706,537,713
IMG010406022922.jpg,535,719,537,713
IMG010406022936.jpg,757,744,742,749
IMG010406022938.jpg,761,741,748,749
IMG010406022958.jpg,530,685,548,694
IMG010406023023.jpg,739,630,742,630
IMG010406023025.jpg,744,599,742,598
IMG010406023037.jpg,464,686,445,694
IMG010406023041.jpg,463,684,445,694
IMG010406023043.jpg,459,697,468,685
IMG010406023057.jpg,676,592,657,603
IMG010406023059.jpg,679,585,668,589
IMG010406023114.jpg,539,781,525,786
IMG010406023130.jpg,768,797,760,804
IMG010406023132.jpg,788,774,794,768
IMG010406023155.jpg,496,625,502,612
IMG010406023226.jpg,772,737,742,749
IMG010406023229.jpg,770,733,748,749
IMG010406023231.jpg,763,726,754,731
IMG010406023243.jpg,496,664,480,676
IMG010406023301.jpg,735,814,731,813
IMG010406023303.jpg,735,803,720,809
IMG010406023318.jpg,524,707,525,694
IMG010406023334.jpg,731,631,731,630
IMG010406023336.jpg,747,638,742,658
IMG010406023359.jpg,544,575,548,571
IMG010406023431.jpg,728,449,714,457
IMG010406023434.jpg,729,451,731,448
IMG010406023504.jpg,754,510,725,521
IMG010406023507.jpg,749,505,748,512
IMG010406023509.jpg,756,475,742,470
IMG010406023539.jpg,724,617,697,598
IMG010406023542.jpg,724,615,708,598
IMG010406023544.jpg,720,612,708,621
IMG010406023612.jpg,716,424,708,420
IMG010406023614.jpg,720,397,708,402
IMG010406024358.jpg,520,649,474,608
IMG010406024400.jpg,501,581,480,603
IMG010406024412.jpg,745,745,742,736
IMG010406024414.jpg,689,716,702,708
IMG010406024429.jpg,540,652,548,644
IMG010406024500.jpg,726,665,731,667
IMG010406024503.jpg,720,659,708,662
IMG010406024506.jpg,690,628,702,630
IMG010406024523.jpg,516,618,525,621
IMG010406024531.jpg,478,599,468,603
IMG010406024533.jpg,449,551,451,544
IMG010406024543.jpg,753,656,742,662
IMG010406024545.jpg,700,616,697,630
IMG010406024606.jpg,520,733,514,736
IMG010406024639.jpg,745,643,725,635
IMG010406024641.jpg,740,635,742,640
IMG010406024651.jpg,502,668,514,667
IMG010406024654.jpg,315,596,302,598
IMG010406024656.jpg,546,654,525,635
IMG010406024855.jpg,622,575,611,562
IMG010406024858.jpg,600,547,611,521
IMG010406025003.jpg,503,682,502,681
IMG010406025005.jpg,448,638,434,640
IMG010406025227.jpg,546,573,525,548
IMG010406025230.jpg,353,495,342,493
IMG010406025933.jpg,545,639,525,626
IMG010406025936.jpg,507,591,502,598
IMG010406030050.jpg,593,508,577,512
IMG010406030052.jpg,558,448,560,452
IMG010406030212.jpg,507,701,514,685
IMG010406030215.jpg,384,546,377,525
IMG010406030219.jpg,509,692,485,672
IMG010406030221.jpg,384,550,377,534
IMG010406030426.jpg,479,656,451,621
IMG010406032841.jpg,566,777,571,772
IMG010406032843.jpg,555,727,560,736
IMG010406032905.jpg,722,660,708,630
IMG010406032909.jpg,727,658,731,667
IMG010406032911.jpg,692,643,668,658
IMG010406033031.jpg,514,598,514,594
IMG010406033034.jpg,383,536,377,525
IMG010406033101.jpg,703,625,702,630
IMG010406033104.jpg,699,624,702,630
IMG010406033107.jpg,629,606,617,621
IMG010406033158.jpg,721,652,731,667
IMG010406033200.jpg,659,622,651,658
IMG010406033202.jpg,719,647,708,658
IMG010406033205.jpg,717,648,708,640
IMG010406033358.jpg,726,627,731,630
IMG010406033403.jpg,726,621,708,621
IMG010406033407.jpg,721,621,708,621
IMG010406033409.jpg,567,478,560,484
IMG010406033415.jpg,731,606,708,621
IMG010406033418.jpg,616,536,617,521
IMG010406033450.jpg,568,663,560,672
IMG010406033453.jpg,494,532,468,525
IMG010406033521.jpg,735,550,720,548
IMG010406033525.jpg,729,545,720,548
IMG010406033527.jpg,601,455,605,448
IMG010406033603.jpg,556,628,548,630
IMG010406033606.jpg,484,458,457,452
IMG010406033637.jpg,738,527,714,507
IMG010406033641.jpg,734,519,708,512
IMG010406033645.jpg,731,518,708,493
IMG010406033648.jpg,631,416,617,411
IMG010406033717.jpg,532,736,525,749
IMG010406033719.jpg,434,622,434,621
IMG010406033723.jpg,526,730,525,736
IMG010406033726.jpg,437,622,428,617
IMG010406033728.jpg,726,549,708,548
IMG010406033732.jpg,724,546,708,548
IMG010406033735.jpg,604,454,605,448
IMG010406033759.jpg,794,677,794,630
IMG010406033802.jpg,655,547,651,525
IMG010406033830.jpg,524,746,525,749
IMG010406033833.jpg,413,680,382,653
IMG010406033919.jpg,742,703,725,704
IMG010406033921.jpg,694,641,702,635
IMG010406033950.jpg,478,795,480,804
IMG010406033952.jpg,395,585,377,603
IMG010406034024.jpg,776,616,760,608
IMG010406034028.jpg,774,613,777,608
IMG010406034031.jpg,662,470,651,452
IMG010406034057.jpg,714,619,708,621
IMG010406034059.jpg,544,531,548,530
IMG010406034101.jpg,711,615,708,621
IMG010406034102.jpg,503,494,468,470
IMG010406034103.jpg,670,587,651,598
IMG010406034104.jpg,544,529,525,530
IMG010406034107.jpg,506,491,468,470
IMG010406034146.jpg,736,689,720,694
IMG010406034149.jpg,679,596,657,603
IMG010406034203.jpg,734,654,731,667
IMG010406034206.jpg,654,617,634,630
IMG010406034329.jpg,729,657,731,667
IMG010406034332.jpg,726,657,708,658
IMG010406034334.jpg,661,622,634,630
IMG010406034445.jpg,587,688,560,713
IMG010406034448.jpg,388,460,388,457
IMG010406034522.jpg,751,647,742,635
IMG010406034525.jpg,667,546,651,525
IMG010406034603.jpg,565,607,560,608
IMG010406034605.jpg,436,428,434,420
IMG010406034644.jpg,825,824,805,841
IMG010406034647.jpg,740,748,697,704
IMG010406034715.jpg,464,736,468,740
IMG010406034718.jpg,364,547,342,548
IMG010406034720.jpg,461,724,474,731
IMG010406034723.jpg,370,548,365,571
IMG010406035015.jpg,552,593,548,594
IMG010406035017.jpg,479,539,468,525
IMG010406035020.jpg,545,591,548,594
IMG010406035022.jpg,486,542,474,525
IMG010406035025.jpg,547,584,531,585
IMG010406035028.jpg,493,540,451,525
IMG010406035104.jpg,738,564,731,539
IMG010406035107.jpg,630,464,617,452
IMG010406035135.jpg,564,770,560,786
IMG010406035207.jpg,729,600,731,594
IMG010406035214.jpg,659,522,651,525
IMG010406035242.jpg,539,647,525,640
IMG010406035245.jpg,430,525,394,585
IMG010406035247.jpg,539,641,525,640
IMG010406035250.jpg,413,521,388,530
IMG010406035319.jpg,755,686,742,662
IMG010406035322.jpg,726,569,708,548
IMG010406035450.jpg,531,746,480,694
IMG010406035453.jpg,350,537,342,548
IMG010406035455.jpg,711,555,708,548
IMG010406035457.jpg,631,507,611,461
IMG010406035533.jpg,715,639,708,640
IMG010406035536.jpg,614,542,617,548
IMG010406035610.jpg,511,794,525,786
IMG010406035612.jpg,368,623,365,630
IMG010406035616.jpg,715,668,708,694
IMG010406035620.jpg,711,664,708,676
IMG010406035622.jpg,674,656,662,658
IMG010406035718.jpg,502,649,480,658
IMG010406035753.jpg,713,590,702,603
IMG010406035756.jpg,660,541,634,512
IMG010406035817.jpg,724,653,708,658
IMG010406035820.jpg,717,655,708,658
IMG010406035823.jpg,714,654,708,658
IMG010406035824.jpg,504,698,468,672
IMG010406035826.jpg,651,623,651,621
IMG010406035827.jpg,487,644,468,617
IMG010406035909.jpg,770,609,742,640
IMG010406035913.jpg,761,606,742,626
IMG010406035916.jpg,627,484,617,484
IMG010406035944.jpg,534,791,514,809
IMG010406040017.jpg,789,742,788,736
IMG010406040020.jpg,684,637,651,598
IMG010406040048.jpg,522,647,520,617
IMG010406040252.jpg,751,668,742,667
IMG010406040255.jpg,748,669,742,667
IMG010406040258.jpg,678,638,651,617
IMG010406040309.jpg,590,747,594,749
IMG010406040312.jpg,511,624,508,635
IMG010406040407.jpg,754,772,742,777
IMG010406040410.jpg,750,772,754,768
IMG010406040413.jpg,709,748,708,749
IMG010406040427.jpg,766,665,760,662
IMG010406040430.jpg,635,502,628,516
IMG010406040523.jpg,476,693,468,672
IMG010406040525.jpg,353,467,342,475
IMG010406040538.jpg,755,774,742,777
IMG010406040541.jpg,755,771,754,768
IMG010406040544.jpg,711,751,708,749
IMG010406040607.jpg,715,602,708,594
IMG010406040609.jpg,615,519,611,489
IMG010406040638.jpg,536,732,525,749
IMG010406040641.jpg,430,591,428,603
IMG010406040736.jpg,780,850,794,854
IMG010406040739.jpg,668,701,651,690
IMG010406040813.jpg,508,652,514,662
IMG010406040815.jpg,418,612,400,594
IMG010406040923.jpg,479,749,480,749
IMG010406041054.jpg,748,527,708,566
IMG010406041059.jpg,745,522,708,566
IMG010406041101.jpg,615,457,617,448
IMG010406041129.jpg,574,781,565,786
IMG010406041130.jpg,488,653,440,617
IMG010406041131.jpg,528,765,548,758
IMG010406041134.jpg,478,650,468,667
IMG010406041138.jpg,474,641,440,598
IMG010406041141.jpg,392,572,377,562
IMG010406041210.jpg,738,578,731,557
IMG010406041213.jpg,626,461,605,434
IMG010406041231.jpg,498,637,491,626
IMG010406041312.jpg,557,712,531,672
IMG010406041314.jpg,329,471,297,420
IMG010406041315.jpg,484,798,480,804
IMG010406041317.jpg,551,700,548,704
IMG010406041318.jpg,414,757,428,749
IMG010406041320.jpg,482,788,480,804
IMG010406041322.jpg,420,772,428,777
IMG010406041404.jpg,488,591,468,562
IMG010406041440.jpg,728,627,720,589
IMG010406041442.jpg,609,477,617,475
IMG010406041511.jpg,518,752,514,745
IMG010406041513.jpg,361,522,365,530
IMG010406041612.jpg,478,717,480,704
IMG010406041614.jpg,747,706,742,731
IMG010406041617.jpg,588,525,565,530
IMG010406041645.jpg,542,657,525,676
IMG010406041648.jpg,395,474,377,493
IMG010406041719.jpg,468,572,445,589
IMG010406041721.jpg,369,561,342,585
IMG010406041724.jpg,788,757,788,745
IMG010406041726.jpg,648,704,657,676
IMG010406041755.jpg,542,635,525,630
IMG010406041757.jpg,500,605,502,594
IMG010406041828.jpg,422,672,434,667
IMG010406041835.jpg,763,622,742,640
IMG010406041838.jpg,625,504,617,512
IMG010406041906.jpg,573,855,537,859
IMG010406041941.jpg,475,654,480,658
IMG010406042006.jpg,505,706,520,704
IMG010406042009.jpg,450,590,434,562
IMG010406042050.jpg,545,871,548,864
IMG010406042209.jpg,516,644,502,667
IMG010406042533.jpg,401,720,388,731
IMG010406042538.jpg,399,709,348,658
IMG010406042540.jpg,531,835,491,786
IMG010406042611.jpg,565,732,571,731
IMG010406042613.jpg,428,600,377,553
IMG010406042644.jpg,456,812,445,822
IMG010406042648.jpg,451,805,445,822
IMG010406042651.jpg,326,632,337,630
IMG010406042732.jpg,384,703,388,731
IMG010406042835.jpg,512,732,485,754
IMG010406042857.jpg,494,685,468,672
IMG010406042859.jpg,355,496,342,489
IMG010406042937.jpg,535,600,520,571
IMG010406042941.jpg,540,598,525,566
IMG010406042943.jpg,537,562,520,534
IMG010406043008.jpg,466,706,445,713
IMG010406043042.jpg,547,714,548,704
IMG010406043044.jpg,350,622,337,557
IMG010406043047.jpg,536,705,548,699
IMG010406043049.jpg,357,620,342,621
IMG010406043144.jpg,600,696,605,667
IMG010406043147.jpg,534,583,525,566
IMG010406043227.jpg,472,692,468,672
IMG010406043230.jpg,408,653,394,658
IMG010406043510.jpg,505,689,502,704
IMG010406043514.jpg,504,680,445,640
IMG010406043517.jpg,403,525,388,530
IMG010406043542.jpg,505,712,491,713
IMG010406043545.jpg,449,674,422,699
IMG010406043548.jpg,505,707,508,690
IMG010406043550.jpg,448,676,440,681
IMG010406043624.jpg,515,753,491,768
IMG010406043627.jpg,371,593,377,598
IMG010406043701.jpg,504,638,508,635
IMG010406043727.jpg,511,733,514,740
IMG010406043730.jpg,392,563,388,585
IMG010406043844.jpg,494,658,502,667
IMG010406043849.jpg,494,650,480,658
IMG010406043853.jpg,494,650,480,658
IMG010406043953.jpg,556,783,560,786
IMG010406045732.jpg,477,731,480,731
IMG010406050210.jpg,783,693,794,681
IMG010406050213.jpg,654,538,651,525
IMG010406050301.jpg,476,634,468,617
IMG010406050303.jpg,420,587,394,585
IMG010406050358.jpg,699,569,708,566
IMG010406050400.jpg,529,417,514,379
IMG010406050542.jpg,541,660,525,667
IMG010406050654.jpg,853,743,845,749
IMG010406050656.jpg,691,608,697,598
IMG010406050725.jpg,466,656,468,658
IMG010406050728.jpg,346,536,314,585
IMG010406050731.jpg,462,647,468,640
IMG010406050733.jpg,335,554,342,548
IMG010406050927.jpg,762,667,742,676
IMG010406050930.jpg,478,678,468,672
IMG010406050958.jpg,502,627,485,598
IMG010406051001.jpg,390,553,377,525
IMG010406051004.jpg,503,619,485,598
IMG010406051008.jpg,500,613,474,571
IMG010406051010.jpg,396,555,377,525
IMG010406051034.jpg,464,696,445,667
IMG010406051138.jpg,482,666,468,672
IMG010406051210.jpg,505,627,485,598
IMG010406051212.jpg,411,564,377,525
IMG010406051258.jpg,728,655,708,640
IMG010406051300.jpg,576,537,571,530
IMG010406051427.jpg,706,601,708,594
IMG010406051430.jpg,582,471,560,452
IMG010406051527.jpg,500,694,502,681
IMG010406051530.jpg,493,644,480,630
IMG010406051631.jpg,518,617,520,630
IMG010406051633.jpg,506,577,485,585
IMG010406052159.jpg,475,705,474,731
IMG010406052204.jpg,476,700,468,713
IMG010406052207.jpg,338,605,337,621
IMG010406052318.jpg,469,662,468,658
IMG010406052321.jpg,399,579,382,562
IMG010406052519.jpg,746,691,742,672
IMG010406052523.jpg,742,687,742,672
IMG010406052526.jpg,626,617,617,621
IMG010406052634.jpg,687,628,680,658
IMG010406052640.jpg,464,684,451,694
IMG010406052643.jpg,295,557,297,566
IMG010406052647.jpg,459,682,468,672
IMG010406052822.jpg,526,716,480,768
IMG010406052825.jpg,449,628,428,598
IMG010406052907.jpg,755,645,754,658
IMG010406052910.jpg,625,527,628,521
IMG010406052953.jpg,519,706,485,731
IMG010406052955.jpg,532,743,525,749
IMG010406052957.jpg,539,676,548,681
IMG010406053116.jpg,547,627,525,621
IMG010406053118.jpg,586,576,571,585
IMG010406053252.jpg,477,688,468,672
IMG010406053254.jpg,466,626,468,617
IMG010406053527.jpg,495,683,468,672
IMG010406053529.jpg,509,614,502,608
IMG010406053542.jpg,458,653,445,662
IMG010406053546.jpg,285,497,268,484
IMG010406055745.jpg,492,663,502,667
IMG010406060518.jpg,447,599,440,603
IMG010406060753.jpg,455,692,457,681
IMG010406060755.jpg,331,525,337,530
IMG010406060929.jpg,469,606,468,598
IMG010406060931.jpg,380,509,377,530
IMG010406061030.jpg,458,667,468,672
IMG010406061033.jpg,413,614,382,598
IMG010406061036.jpg,460,660,468,667
IMG010406061038.jpg,425,616,417,635
IMG010406061126.jpg,314,510,302,512
IMG010406132350.jpg,504,734,514,736
IMG010406132352.jpg,405,669,428,608
IMG010406132733.jpg,483,582,462,603
IMG010406132736.jpg,454,528,445,534
IMG010406132920.jpg,547,710,548,713
IMG010406132923.jpg,389,697,388,694
IMG010406133118.jpg,490,671,474,676
IMG010406133250.jpg,675,587,668,598
IMG010406133252.jpg,674,555,662,539
IMG010406133332.jpg,582,611,594,612
IMG010406133335.jpg,508,800,525,786
IMG010406133345.jpg,456,608,468,598
IMG010406133347.jpg,426,554,428,557
IMG010406133404.jpg,714,654,708,640
IMG010406133407.jpg,670,602,668,621
IMG010406133454.jpg,599,578,577,585
IMG010406133457.jpg,515,751,525,749
IMG010406133524.jpg,272,675,285,672
IMG010406133535.jpg,723,608,697,598
IMG010406133538.jpg,637,498,651,493
IMG010406133619.jpg,622,552,617,557
IMG010406133650.jpg,716,633,708,640
IMG010406133653.jpg,710,591,708,589
IMG010406133743.jpg,612,465,611,475
IMG010406133745.jpg,540,631,525,640
IMG010406133823.jpg,747,732,742,740
IMG010406133825.jpg,733,685,714,694
IMG010406133923.jpg,596,572,577,585
IMG010406134013.jpg,770,709,748,731
IMG010406134016.jpg,708,598,708,603
IMG010406134123.jpg,785,759,765,768
IMG010406134126.jpg,749,709,742,690
IMG010406134259.jpg,706,564,708,566
IMG010406134302.jpg,670,501,634,512
IMG010406134307.jpg,455,563,457,553
IMG010406134309.jpg,415,482,388,512
IMG010406134312.jpg,453,556,445,557
IMG010406134314.jpg,419,485,417,484
IMG010406134415.jpg,674,567,668,585
IMG010406134418.jpg,642,434,628,429
IMG010406134447.jpg,418,706,417,708
IMG010406134449.jpg,362,670,342,694
IMG010406134452.jpg,409,703,417,708
IMG010406134454.jpg,361,671,365,676
IMG010406134529.jpg,691,605,680,594
IMG010406134532.jpg,625,532,628,516
IMG010406134628.jpg,749,717,748,731
IMG010406134631.jpg,712,644,708,640
IMG010406134702.jpg,446,637,457,626
IMG010406134828.jpg,493,637,502,630
IMG010406134831.jpg,428,582,400,621
IMG010406134852.jpg,736,668,742,667
IMG010406134854.jpg,675,517,662,530
IMG010406134948.jpg,451,612,434,621
IMG010406134951.jpg,376,568,382,585
IMG010406134953.jpg,753,705,748,731
IMG010406134956.jpg,755,634,760,658
IMG010406135052.jpg,739,718,742,740
IMG010406135057.jpg,731,711,720,713
IMG010406135059.jpg,693,664,697,667
IMG010406135130.jpg,480,739,474,726
IMG010406135133.jpg,290,721,285,740
IMG010406135213.jpg,646,432,628,429
IMG010406135313.jpg,456,676,468,672
IMG010406135319.jpg,694,607,680,598
IMG010406135321.jpg,690,549,697,539
IMG010406135423.jpg,738,667,731,681
IMG010406135425.jpg,710,629,708,630
IMG010406135429.jpg,458,633,457,630
IMG010406135432.jpg,420,572,411,580
IMG010406135434.jpg,456,626,434,621
IMG010406135436.jpg,422,575,422,589
IMG010406135542.jpg,489,624,468,617
IMG010406135545.jpg,313,615,285,640
IMG010406135604.jpg,728,601,714,580
IMG010406135608.jpg,727,596,714,580
IMG010406135611.jpg,659,478,662,475
IMG010406135715.jpg,726,641,702,630
IMG010406135717.jpg,673,565,657,566
IMG010406135803.jpg,437,627,434,621
IMG010406135821.jpg,737,698,720,704
IMG010406135824.jpg,698,625,702,630
IMG010406135929.jpg,736,658,742,662
IMG010406135932.jpg,667,541,662,530
IMG010406140002.jpg,451,646,457,630
IMG010406140005.jpg,434,598,428,621
IMG010406140028.jpg,723,636,708,640
IMG010406140030.jpg,714,570,708,566
IMG010406140111.jpg,438,756,434,768
IMG010406140114.jpg,223,732,205,731
IMG010406140132.jpg,711,628,702,630
IMG010406140135.jpg,680,603,662,603
IMG010406140304.jpg,567,505,560,498
IMG010406140306.jpg,507,423,485,438
IMG010406140308.jpg,774,611,742,662
IMG010406140311.jpg,690,497,668,512
IMG010406140419.jpg,518,621,514,630
IMG010406140422.jpg,456,618,434,640
IMG010406140440.jpg,686,601,662,603
IMG010406140443.jpg,682,544,685,534
IMG010406140545.jpg,433,757,434,768
IMG010406140548.jpg,216,780,228,777
IMG010406140656.jpg,686,583,668,589
IMG010406140659.jpg,657,539,651,525
IMG010406140717.jpg,428,697,434,685
IMG010406140809.jpg,445,649,434,658
IMG010406140812.jpg,404,590,377,603
IMG010406140830.jpg,726,625,714,598
IMG010406140833.jpg,641,473,628,475
IMG010406140933.jpg,701,612,708,603
IMG010406140936.jpg,636,517,628,516
IMG010406140953.jpg,434,786,428,786
IMG010406140956.jpg,179,779,182,772
IMG010406141033.jpg,712,637,708,640
IMG010406141036.jpg,651,592,651,598
IMG010406141150.jpg,443,661,434,640
IMG010406141225.jpg,752,677,748,653
IMG010406141232.jpg,683,546,668,534
IMG010406141250.jpg,485,619,480,612
IMG010406141252.jpg,433,567,422,589
IMG010406141334.jpg,704,612,708,603
IMG010406141337.jpg,677,550,662,530
IMG010406141343.jpg,472,689,462,694
IMG010406141346.jpg,223,685,217,694
IMG010406141431.jpg,752,717,748,731
IMG010406141434.jpg,728,671,731,681
IMG010406141513.jpg,492,666,480,672
IMG010406141551.jpg,730,629,702,630
IMG010406141554.jpg,635,521,628,530
IMG010406141607.jpg,575,440,571,438
IMG010406141610.jpg,542,386,525,402
IMG010406141659.jpg,679,600,662,603
IMG010406141702.jpg,684,552,697,539
IMG010406141710.jpg,446,713,434,713
IMG010406141713.jpg,326,620,337,630
IMG010406141820.jpg,725,627,708,621
IMG010406141823.jpg,692,569,674,557
IMG010406142516.jpg,701,579,697,589
IMG010406142518.jpg,613,506,617,493
IMG010406142623.jpg,665,587,662,603
IMG010406142734.jpg,729,675,708,694
IMG010406142736.jpg,664,604,651,598
IMG010406142909.jpg,690,623,674,630
IMG010406142911.jpg,629,517,617,530
IMG010406143032.jpg,732,643,708,640
IMG010406143035.jpg,511,455,491,457
IMG010406143229.jpg,721,675,702,644
IMG010406143232.jpg,648,495,651,480
IMG010406143442.jpg,655,534,651,525
IMG010406143445.jpg,573,441,560,443
IMG010406143602.jpg,699,628,680,630
IMG010406143605.jpg,611,523,617,521
IMG010406143710.jpg,731,682,720,694
