IMG010218072553.jpg,588,652
IMG010218072648.jpg,603,520
IMG010218072650.jpg,553,508
IMG010218072822.jpg,602,518
IMG010218072824.jpg,550,508
IMG010218073002.jpg,575,432
IMG010218073005.jpg,442,389
IMG010218073205.jpg,612,659
IMG010218073207.jpg,554,678
IMG010218073413.jpg,540,481
IMG010218073415.jpg,464,451
IMG010218073710.jpg,777,768
IMG010218073714.jpg,775,762
IMG010218073718.jpg,770,755
IMG010218073720.jpg,732,724
IMG010218075416.jpg,628,645
IMG010218075418.jpg,546,620
IMG010218075534.jpg,561,536
IMG010218075536.jpg,521,443
IMG010218080106.jpg,591,481
IMG010218080108.jpg,546,464
IMG010218080156.jpg,610,636
IMG010218080301.jpg,592,415
IMG010218080304.jpg,486,359
IMG010218080306.jpg,592,409
IMG010218080308.jpg,492,361
IMG010218084730.jpg,560,582
IMG010218085955.jpg,584,499
IMG010218090227.jpg,596,555
IMG010218090229.jpg,518,519
IMG010218091015.jpg,576,586
IMG010218091018.jpg,453,532
IMG010218091143.jpg,560,527
IMG010218091145.jpg,447,541
IMG010218093109.jpg,592,552
IMG010218093112.jpg,503,491
IMG010218093311.jpg,594,558
IMG010218093611.jpg,630,747
IMG010218093755.jpg,626,539
IMG010218093759.jpg,618,537
IMG010218093802.jpg,543,584
IMG010218093923.jpg,561,567
IMG010218094030.jpg,604,545
IMG010218102358.jpg,562,584
IMG010218102402.jpg,559,578
IMG010218102956.jpg,637,647
IMG010218102959.jpg,546,530
IMG010218103053.jpg,335,286
IMG010218103415.jpg,519,618
IMG010218103707.jpg,598,646
IMG010218103710.jpg,478,617
IMG010218103919.jpg,545,498
IMG010218103922.jpg,573,420
IMG010218104359.jpg,575,458
IMG010218104402.jpg,518,396
IMG010218115627.jpg,472,451
IMG010218115832.jpg,457,466
IMG010218124853.jpg,571,605
IMG010218125205.jpg,522,595
IMG010218125422.jpg,558,618
IMG010218125424.jpg,747,784
IMG010218125754.jpg,715,701
IMG010218125758.jpg,746,373
IMG010218130034.jpg,646,765
IMG010218130040.jpg,640,751
IMG010219092030.jpg,680,588
IMG010219092032.jpg,605,553
IMG010219092122.jpg,680,477
IMG010219092124.jpg,624,382
IMG010219092142.jpg,652,531
IMG010219092146.jpg,653,527
IMG010219092148.jpg,601,503
IMG010219092231.jpg,732,462
IMG010219092233.jpg,649,446
IMG010219092309.jpg,687,538
IMG010219092311.jpg,624,503
IMG010219092356.jpg,667,446
IMG010219092358.jpg,614,358
IMG010219092524.jpg,721,409
IMG010219092526.jpg,632,375
IMG010219092545.jpg,594,429
IMG010219092647.jpg,710,538
IMG010219092650.jpg,545,457
IMG010219092807.jpg,619,479
IMG010219092809.jpg,467,299
IMG010219092849.jpg,691,484
IMG010219092852.jpg,534,355
IMG010219093105.jpg,628,405
IMG010219093107.jpg,507,327
IMG010219093441.jpg,695,387
IMG010219093444.jpg,688,376
IMG010219093448.jpg,673,362
IMG010219093550.jpg,668,566
IMG010219093552.jpg,623,538
IMG010219093636.jpg,613,488
IMG010219093639.jpg,562,445
IMG010219093730.jpg,620,508
IMG010219093732.jpg,558,458
IMG010219093813.jpg,625,682
IMG010219093815.jpg,568,608
IMG010219093902.jpg,613,525
IMG010219093904.jpg,562,487
IMG010219093933.jpg,660,513
IMG010219093937.jpg,665,510
IMG010219093940.jpg,657,504
IMG010219093942.jpg,619,478
IMG010219094019.jpg,641,533
IMG010219094021.jpg,567,503
IMG010219094112.jpg,691,513
IMG010219094205.jpg,636,477
IMG010219094208.jpg,416,218
IMG010219094303.jpg,706,352
IMG010219094306.jpg,533,280
IMG010219094406.jpg,483,375
IMG010219094922.jpg,660,352
IMG010219094926.jpg,651,340
IMG010219094929.jpg,651,332
IMG010219095031.jpg,674,507
IMG010219095034.jpg,593,436
IMG010219095144.jpg,721,461
IMG010219095148.jpg,719,454
IMG010219095150.jpg,677,417
IMG010219095301.jpg,710,271
IMG010219095303.jpg,622,197
IMG010219095401.jpg,668,388
IMG010219095403.jpg,643,312
IMG010219095502.jpg,667,483
IMG010219095505.jpg,560,333
IMG010219095643.jpg,671,606
IMG010219095646.jpg,561,468
IMG010219102129.jpg,596,539
IMG010219102131.jpg,513,526
IMG010219102151.jpg,633,470
IMG010219102153.jpg,612,382
IMG010219102301.jpg,656,542
IMG010219102304.jpg,606,485
IMG010219102353.jpg,657,545
IMG010219102356.jpg,636,504
IMG010219102544.jpg,621,498
IMG010219102547.jpg,535,393
IMG010219102701.jpg,674,522
IMG010219102704.jpg,565,326
IMG010219102925.jpg,712,418
IMG010219102928.jpg,744,365
IMG010219103012.jpg,637,547
IMG010219103014.jpg,554,528
IMG010219103112.jpg,594,489
IMG010219103114.jpg,528,468
IMG010219103231.jpg,638,574
IMG010219103233.jpg,610,525
IMG010219103426.jpg,667,464
IMG010219103428.jpg,611,375
IMG010219103546.jpg,667,488
IMG010219103549.jpg,633,428
IMG010219103632.jpg,654,478
IMG010219103635.jpg,622,418
IMG010219104254.jpg,659,578
IMG010219104258.jpg,661,576
IMG010219104300.jpg,600,547
IMG010219104320.jpg,626,485
IMG010219104322.jpg,593,405
IMG010219104455.jpg,672,489
IMG010219104458.jpg,644,475
IMG010219104634.jpg,705,527
IMG010219104637.jpg,519,462
IMG010219104716.jpg,659,594
IMG010219104718.jpg,576,518
IMG010219104842.jpg,692,445
IMG010219104846.jpg,690,437
IMG010219104849.jpg,683,436
IMG010219104939.jpg,734,387
IMG010219104942.jpg,735,375
IMG010219104946.jpg,728,375
IMG010219105012.jpg,631,511
IMG010219105035.jpg,685,450
IMG010219105038.jpg,654,364
IMG010219105143.jpg,650,500
IMG010219105145.jpg,552,420
IMG010219105258.jpg,713,405
IMG010219105300.jpg,706,349
IMG010219105422.jpg,603,567
IMG010219105425.jpg,384,346
IMG010219105645.jpg,599,534
IMG010219105647.jpg,424,388
IMG010219105725.jpg,700,470
IMG010219105728.jpg,493,417
IMG010219110201.jpg,633,527
IMG010318071813.jpg,536,659
IMG010318071816.jpg,527,521
IMG010318072003.jpg,504,567
IMG010318072006.jpg,545,371
IMG010318072214.jpg,553,630
IMG010318072216.jpg,560,481
IMG010318072426.jpg,440,440
IMG010318114054.jpg,595,625
IMG010318114056.jpg,591,536
IMG010318114233.jpg,509,577
IMG010318114235.jpg,490,529
IMG010318114237.jpg,510,570
IMG010318114240.jpg,487,532
IMG010318114407.jpg,514,656
IMG010318114552.jpg,546,720
IMG010318114556.jpg,545,711
IMG010318114559.jpg,551,643
IMG010318114656.jpg,570,612
IMG010318114700.jpg,563,605
IMG010318114702.jpg,540,570
IMG010318114802.jpg,529,634
IMG010318114805.jpg,374,445
IMG010318124414.jpg,588,607
IMG010318124419.jpg,585,605
IMG010318124421.jpg,572,560
IMG010318124721.jpg,672,581
IMG010318124723.jpg,667,542
IMG010318124835.jpg,519,656
IMG010318124838.jpg,431,346
IMG010318125035.jpg,554,609
IMG010318125038.jpg,551,541
IMG010318125218.jpg,525,816
IMG010318125221.jpg,510,740
IMG010318125549.jpg,597,711
IMG010318125552.jpg,420,322
IMG010318125943.jpg,542,678
IMG010318125946.jpg,527,614
IMG010318130153.jpg,449,392
IMG010319075601.jpg,682,617
IMG010319075604.jpg,605,551
IMG010319075844.jpg,689,633
IMG010319080229.jpg,711,641
IMG010319080232.jpg,709,641
IMG010319080234.jpg,683,611
IMG010319125907.jpg,636,582
IMG010319125912.jpg,636,587
IMG010319125915.jpg,381,586
IMG010319130159.jpg,695,608
IMG010319130201.jpg,624,548
IMG010319130315.jpg,654,585
IMG010319130318.jpg,654,582
IMG010319130320.jpg,622,556
IMG010319130614.jpg,680,593
IMG010319130617.jpg,413,578
IMG010319135729.jpg,700,544
IMG010319135732.jpg,697,548
IMG010319135735.jpg,691,548
IMG010319135913.jpg,695,512
IMG010319135915.jpg,618,502
IMG010319140006.jpg,673,580
IMG010319140008.jpg,620,521
IMG010319140033.jpg,698,595
IMG010319140035.jpg,630,586
IMG010319140141.jpg,695,590
IMG010319140145.jpg,690,591
IMG010319140148.jpg,683,590
IMG010319140226.jpg,703,577
IMG010319140228.jpg,618,551
IMG010319140257.jpg,615,591
IMG010319140259.jpg,568,517
IMG010319140405.jpg,705,585
IMG010319140425.jpg,636,537
IMG010319140427.jpg,576,537
IMG010319140516.jpg,699,615
IMG010319140520.jpg,693,610
IMG010319140523.jpg,689,603
IMG010319140604.jpg,671,596
IMG010319140606.jpg,619,544
IMG010319140639.jpg,724,711
IMG010319140641.jpg,490,612
IMG010319140717.jpg,687,411
IMG010319140720.jpg,387,380
IMG010319140804.jpg,688,587
IMG010319140807.jpg,564,578
IMG010319140838.jpg,733,555
IMG010319140841.jpg,470,370
IMG010319141002.jpg,677,400
IMG010319141137.jpg,672,477
IMG010319141316.jpg,692,684
IMG010319141319.jpg,498,462
IMG010319145606.jpg,760,492
IMG010319145609.jpg,664,405
IMG010319145627.jpg,648,551
IMG010319145630.jpg,644,548
IMG010319145633.jpg,638,544
IMG010319145635.jpg,601,495
IMG010319145656.jpg,669,492
IMG010319145659.jpg,666,478
IMG010319145703.jpg,663,470
IMG010319145716.jpg,640,517
IMG010319145720.jpg,637,515
IMG010319145722.jpg,559,464
IMG010319145812.jpg,701,605
IMG010319145815.jpg,637,543
IMG010319145845.jpg,556,643
IMG010319145847.jpg,479,581
IMG010319145913.jpg,661,525
IMG010319145915.jpg,562,494
IMG010319145941.jpg,703,440
IMG010319145943.jpg,633,384
IMG010319150017.jpg,664,592
IMG010319150019.jpg,478,475
IMG010319150047.jpg,673,495
IMG010319150049.jpg,659,454
IMG010319150050.jpg,671,485
IMG010319150054.jpg,674,479
IMG010319150126.jpg,708,574
IMG010319150128.jpg,577,463
IMG010319150131.jpg,702,570
IMG010319150134.jpg,583,460
IMG010319150201.jpg,674,481
IMG010319150203.jpg,646,423
IMG010319150304.jpg,565,652
IMG010319150432.jpg,629,609
IMG010319150434.jpg,409,524
IMG010319150743.jpg,722,560
IMG010319152250.jpg,693,543
IMG010319152252.jpg,513,524
IMG010319152641.jpg,483,481
IMG010319153004.jpg,716,625
IMG010319153007.jpg,711,621
IMG010319153010.jpg,631,581
IMG010319153050.jpg,680,547
IMG010319153838.jpg,680,560
IMG010319153841.jpg,677,564
IMG010319153930.jpg,714,598
IMG010319153934.jpg,711,597
IMG010319154056.jpg,639,492
IMG010319154059.jpg,633,492
IMG010319154101.jpg,569,454
IMG010319154223.jpg,653,535
IMG010319154227.jpg,648,534
IMG010319154229.jpg,577,490
IMG010319154348.jpg,706,514
IMG010319154352.jpg,703,516
IMG010319154356.jpg,698,516
IMG010319154417.jpg,687,505
IMG010319154421.jpg,682,503
IMG010319154424.jpg,679,502
IMG010319154512.jpg,643,478
IMG010319154514.jpg,497,389
IMG010319154620.jpg,692,583
IMG010319154624.jpg,688,580
IMG010319154626.jpg,608,462
IMG010319154749.jpg,650,536
IMG010319154751.jpg,589,510
IMG010319154907.jpg,646,563
IMG010319154911.jpg,644,565
IMG010319154914.jpg,643,563
IMG010319155003.jpg,666,579
IMG010319155006.jpg,659,575
IMG010319155008.jpg,602,554
IMG010319155107.jpg,669,566
IMG010319155109.jpg,601,525
IMG010319155152.jpg,678,545
IMG010319155155.jpg,674,543
IMG010319155157.jpg,595,500
IMG010319155242.jpg,678,595
IMG010319155246.jpg,669,589
IMG010319155249.jpg,668,588
IMG010319155329.jpg,650,558
IMG010319155331.jpg,573,507
IMG010319155525.jpg,665,571
IMG010319155527.jpg,514,428
IMG010319155648.jpg,682,588
IMG010319155650.jpg,504,440
IMG010319160336.jpg,737,652
IMG010319160340.jpg,730,650
IMG010319160342.jpg,653,623
IMG010319160954.jpg,675,585
IMG010319160957.jpg,670,586
IMG010319160959.jpg,605,551
IMG010319161236.jpg,648,612
IMG010319161240.jpg,650,607
IMG010319161242.jpg,522,477
IMG010319161341.jpg,699,622
IMG010319161344.jpg,616,550
IMG010319161459.jpg,706,674
IMG010319161503.jpg,701,675
IMG010319161506.jpg,697,674
IMG010319161607.jpg,682,558
IMG010319161611.jpg,679,557
IMG010319161614.jpg,672,555
IMG010319161722.jpg,657,576
IMG010319161726.jpg,656,577
IMG010319161729.jpg,523,442
IMG010319161927.jpg,712,547
IMG010319161931.jpg,707,532
IMG010319161934.jpg,702,530
IMG010319161936.jpg,638,491
IMG010319161954.jpg,656,546
IMG010319161956.jpg,584,521
IMG010319162026.jpg,655,501
IMG010319162029.jpg,652,491
IMG010319162335.jpg,674,597
IMG010319162338.jpg,667,587
IMG010319162342.jpg,667,580
IMG010319162512.jpg,690,576
IMG010319162516.jpg,688,560
IMG010319162548.jpg,651,490
IMG010319162550.jpg,570,466
IMG010319162652.jpg,687,585
IMG010319162807.jpg,696,353
IMG010406014535.jpg,712,620
IMG010406014537.jpg,647,585
IMG010406014551.jpg,544,814
IMG010406020830.jpg,574,436
IMG010406020852.jpg,712,611
IMG010406020855.jpg,654,581
IMG010406020856.jpg,707,603
IMG010406020858.jpg,659,586
IMG010406020912.jpg,562,573
IMG010406020915.jpg,554,568
IMG010406020917.jpg,499,555
IMG010406020933.jpg,729,645
IMG010406020935.jpg,693,622
IMG010406020949.jpg,504,745
IMG010406020952.jpg,448,696
IMG010406021011.jpg,757,598
IMG010406021040.jpg,577,581
IMG010406021043.jpg,522,560
IMG010406021124.jpg,733,683
IMG010406021126.jpg,684,665
IMG010406021140.jpg,523,748
IMG010406021142.jpg,497,685
IMG010406021202.jpg,713,554
IMG010406021204.jpg,679,525
IMG010406021218.jpg,512,565
IMG010406021238.jpg,779,626
IMG010406021240.jpg,717,588
IMG010406021350.jpg,473,714
IMG010406021352.jpg,476,658
IMG010406021407.jpg,726,629
IMG010406021409.jpg,674,608
IMG010406021438.jpg,498,725
IMG010406021459.jpg,771,838
IMG010406021502.jpg,769,831
IMG010406021505.jpg,761,828
IMG010406021507.jpg,729,814
IMG010406021524.jpg,474,745
IMG010406021543.jpg,734,665
IMG010406021545.jpg,701,643
IMG010406021559.jpg,517,607
IMG010406021619.jpg,733,646
IMG010406021621.jpg,683,615
IMG010406021638.jpg,550,732
IMG010406021640.jpg,496,676
IMG010406021655.jpg,714,634
IMG010406021657.jpg,651,589
IMG010406021734.jpg,533,577
IMG010406021756.jpg,771,739
IMG010406021759.jpg,768,734
IMG010406021801.jpg,713,715
IMG010406021815.jpg,543,652
IMG010406021841.jpg,763,761
IMG010406021843.jpg,755,752
IMG010406021857.jpg,522,587
IMG010406021859.jpg,466,537
IMG010406021920.jpg,753,616
IMG010406021923.jpg,678,606
IMG010406021945.jpg,512,656
IMG010406021947.jpg,445,631
IMG010406021949.jpg,509,654
IMG010406021952.jpg,452,638
IMG010406022034.jpg,752,706
IMG010406022036.jpg,749,694
IMG010406022050.jpg,559,650
IMG010406022123.jpg,724,625
IMG010406022125.jpg,678,622
IMG010406022301.jpg,489,576
IMG010406022343.jpg,704,665
IMG010406022345.jpg,729,655
IMG010406022359.jpg,520,521
IMG010406022416.jpg,759,659
IMG010406022418.jpg,714,648
IMG010406022439.jpg,508,723
IMG010406022442.jpg,480,669
IMG010406022502.jpg,703,602
IMG010406022504.jpg,670,610
IMG010406022902.jpg,771,764
IMG010406022904.jpg,771,732
IMG010406022917.jpg,559,710
IMG010406022920.jpg,550,706
IMG010406022922.jpg,535,719
IMG010406022936.jpg,757,744
IMG010406022938.jpg,761,741
IMG010406022958.jpg,530,685
IMG010406023023.jpg,739,630
IMG010406023025.jpg,744,599
IMG010406023037.jpg,464,686
IMG010406023041.jpg,463,684
IMG010406023043.jpg,459,697
IMG010406023057.jpg,676,592
IMG010406023059.jpg,679,585
IMG010406023114.jpg,539,781
IMG010406023130.jpg,768,797
IMG010406023132.jpg,788,774
IMG010406023155.jpg,496,625
IMG010406023226.jpg,772,737
IMG010406023229.jpg,770,733
IMG010406023231.jpg,763,726
IMG010406023243.jpg,496,664
IMG010406023301.jpg,735,814
IMG010406023303.jpg,735,803
IMG010406023318.jpg,524,707
IMG010406023334.jpg,731,631
IMG010406023336.jpg,747,638
IMG010406023359.jpg,544,575
IMG010406023431.jpg,728,449
IMG010406023434.jpg,729,451
IMG010406023504.jpg,754,510
IMG010406023507.jpg,749,505
IMG010406023509.jpg,756,475
IMG010406023539.jpg,724,617
IMG010406023542.jpg,724,615
IMG010406023544.jpg,720,612
IMG010406023612.jpg,716,424
IMG010406023614.jpg,720,397
IMG010406024358.jpg,520,649
IMG010406024400.jpg,501,581
IMG010406024412.jpg,745,745
IMG010406024414.jpg,689,716
IMG010406024429.jpg,540,652
IMG010406024500.jpg,726,665
IMG010406024503.jpg,720,659
IMG010406024506.jpg,690,628
IMG010406024523.jpg,516,618
IMG010406024531.jpg,478,599
IMG010406024533.jpg,449,551
IMG010406024543.jpg,753,656
IMG010406024545.jpg,700,616
IMG010406024606.jpg,520,733
IMG010406024639.jpg,745,643
IMG010406024641.jpg,740,635
IMG010406024651.jpg,502,668
IMG010406024654.jpg,315,596
IMG010406024656.jpg,546,654
IMG010406024855.jpg,622,575
IMG010406024858.jpg,600,547
IMG010406025003.jpg,503,682
IMG010406025005.jpg,448,638
IMG010406025227.jpg,546,573
IMG010406025230.jpg,353,495
IMG010406025933.jpg,545,639
IMG010406025936.jpg,507,591
IMG010406030050.jpg,593,508
IMG010406030052.jpg,558,448
IMG010406030212.jpg,507,701
IMG010406030215.jpg,384,546
IMG010406030219.jpg,509,692
IMG010406030221.jpg,384,550
IMG010406030426.jpg,479,656
IMG010406032841.jpg,566,777
IMG010406032843.jpg,555,727
IMG010406032905.jpg,722,660
IMG010406032909.jpg,727,658
IMG010406032911.jpg,692,643
IMG010406033031.jpg,514,598
IMG010406033034.jpg,383,536
IMG010406033101.jpg,703,625
IMG010406033104.jpg,699,624
IMG010406033107.jpg,629,606
IMG010406033158.jpg,721,652
IMG010406033200.jpg,659,622
IMG010406033202.jpg,719,647
IMG010406033205.jpg,717,648
IMG010406033358.jpg,726,627
IMG010406033403.jpg,726,621
IMG010406033407.jpg,721,621
IMG010406033409.jpg,567,478
IMG010406033415.jpg,731,606
IMG010406033418.jpg,616,536
IMG010406033450.jpg,568,663
IMG010406033453.jpg,494,532
IMG010406033521.jpg,735,550
IMG010406033525.jpg,729,545
IMG010406033527.jpg,601,455
IMG010406033603.jpg,556,628
IMG010406033606.jpg,484,458
IMG010406033637.jpg,738,527
IMG010406033641.jpg,734,519
IMG010406033645.jpg,731,518
IMG010406033648.jpg,631,416
IMG010406033717.jpg,532,736
IMG010406033719.jpg,434,622
IMG010406033723.jpg,526,730
IMG010406033726.jpg,437,622
IMG010406033728.jpg,726,549
IMG010406033732.jpg,724,546
IMG010406033735.jpg,604,454
IMG010406033759.jpg,794,677
IMG010406033802.jpg,655,547
IMG010406033830.jpg,524,746
IMG010406033833.jpg,413,680
IMG010406033919.jpg,742,703
IMG010406033921.jpg,694,641
IMG010406033950.jpg,478,795
IMG010406033952.jpg,395,585
IMG010406034024.jpg,776,616
IMG010406034028.jpg,774,613
IMG010406034031.jpg,662,470
IMG010406034057.jpg,714,619
IMG010406034059.jpg,544,531
IMG010406034101.jpg,711,615
IMG010406034102.jpg,503,494
IMG010406034103.jpg,670,587
IMG010406034104.jpg,544,529
IMG010406034107.jpg,506,491
IMG010406034146.jpg,736,689
IMG010406034149.jpg,679,596
IMG010406034203.jpg,734,654
IMG010406034206.jpg,654,617
IMG010406034329.jpg,729,657
IMG010406034332.jpg,726,657
IMG010406034334.jpg,661,622
IMG010406034445.jpg,587,688
IMG010406034448.jpg,388,460
IMG010406034522.jpg,751,647
IMG010406034525.jpg,667,546
IMG010406034603.jpg,565,607
IMG010406034605.jpg,436,428
IMG010406034644.jpg,825,824
IMG010406034647.jpg,740,748
IMG010406034715.jpg,464,736
IMG010406034718.jpg,364,547
IMG010406034720.jpg,461,724
IMG010406034723.jpg,370,548
IMG010406035015.jpg,552,593
IMG010406035017.jpg,479,539
IMG010406035020.jpg,545,591
IMG010406035022.jpg,486,542
IMG010406035025.jpg,547,584
IMG010406035028.jpg,493,540
IMG010406035104.jpg,738,564
IMG010406035107.jpg,630,464
IMG010406035135.jpg,564,770
IMG010406035207.jpg,729,600
IMG010406035214.jpg,659,522
IMG010406035242.jpg,539,647
IMG010406035245.jpg,430,525
IMG010406035247.jpg,539,641
IMG010406035250.jpg,413,521
IMG010406035319.jpg,755,686
IMG010406035322.jpg,726,569
IMG010406035450.jpg,531,746
IMG010406035453.jpg,350,537
IMG010406035455.jpg,711,555
IMG010406035457.jpg,631,507
IMG010406035533.jpg,715,639
IMG010406035536.jpg,614,542
IMG010406035610.jpg,511,794
IMG010406035612.jpg,368,623
IMG010406035616.jpg,715,668
IMG010406035620.jpg,711,664
IMG010406035622.jpg,674,656
IMG010406035718.jpg,502,649
IMG010406035753.jpg,713,590
IMG010406035756.jpg,660,541
IMG010406035817.jpg,724,653
IMG010406035820.jpg,717,655
IMG010406035823.jpg,714,654
IMG010406035824.jpg,504,698
IMG010406035826.jpg,651,623
IMG010406035827.jpg,487,644
IMG010406035909.jpg,770,609
IMG010406035913.jpg,761,606
IMG010406035916.jpg,627,484
IMG010406035944.jpg,534,791
IMG010406040017.jpg,789,742
IMG010406040020.jpg,684,637
IMG010406040048.jpg,522,647
IMG010406040252.jpg,751,668
IMG010406040255.jpg,748,669
IMG010406040258.jpg,678,638
IMG010406040309.jpg,590,747
IMG010406040312.jpg,511,624
IMG010406040407.jpg,754,772
IMG010406040410.jpg,750,772
IMG010406040413.jpg,709,748
IMG010406040427.jpg,766,665
IMG010406040430.jpg,635,502
IMG010406040523.jpg,476,693
IMG010406040525.jpg,353,467
IMG010406040538.jpg,755,774
IMG010406040541.jpg,755,771
IMG010406040544.jpg,711,751
IMG010406040607.jpg,715,602
IMG010406040609.jpg,615,519
IMG010406040638.jpg,536,732
IMG010406040641.jpg,430,591
IMG010406040736.jpg,780,850
IMG010406040739.jpg,668,701
IMG010406040813.jpg,508,652
IMG010406040815.jpg,418,612
IMG010406040923.jpg,479,749
IMG010406041054.jpg,748,527
IMG010406041059.jpg,745,522
IMG010406041101.jpg,615,457
IMG010406041129.jpg,574,781
IMG010406041130.jpg,488,653
IMG010406041131.jpg,528,765
IMG010406041134.jpg,478,650
IMG010406041138.jpg,474,641
IMG010406041141.jpg,392,572
IMG010406041210.jpg,738,578
IMG010406041213.jpg,626,461
IMG010406041231.jpg,498,637
IMG010406041312.jpg,557,712
IMG010406041314.jpg,329,471
IMG010406041315.jpg,484,798
IMG010406041317.jpg,551,700
IMG010406041318.jpg,414,757
IMG010406041320.jpg,482,788
IMG010406041322.jpg,420,772
IMG010406041404.jpg,488,591
IMG010406041440.jpg,728,627
IMG010406041442.jpg,609,477
IMG010406041511.jpg,518,752
IMG010406041513.jpg,361,522
IMG010406041612.jpg,478,717
IMG010406041614.jpg,747,706
IMG010406041617.jpg,588,525
IMG010406041645.jpg,542,657
IMG010406041648.jpg,395,474
IMG010406041719.jpg,468,572
IMG010406041721.jpg,369,561
IMG010406041724.jpg,788,757
IMG010406041726.jpg,648,704
IMG010406041755.jpg,542,635
IMG010406041757.jpg,500,605
IMG010406041828.jpg,422,672
IMG010406041835.jpg,763,622
IMG010406041838.jpg,625,504
IMG010406041906.jpg,573,855
IMG010406041941.jpg,475,654
IMG010406042006.jpg,505,706
IMG010406042009.jpg,450,590
IMG010406042050.jpg,545,871
IMG010406042209.jpg,516,644
IMG010406042533.jpg,401,720
IMG010406042538.jpg,399,709
IMG010406042540.jpg,531,835
IMG010406042611.jpg,565,732
IMG010406042613.jpg,428,600
IMG010406042644.jpg,456,812
IMG010406042648.jpg,451,805
IMG010406042651.jpg,326,632
IMG010406042732.jpg,384,703
IMG010406042835.jpg,512,732
IMG010406042857.jpg,494,685
IMG010406042859.jpg,355,496
IMG010406042937.jpg,535,600
IMG010406042941.jpg,540,598
IMG010406042943.jpg,537,562
IMG010406043008.jpg,466,706
IMG010406043042.jpg,547,714
IMG010406043044.jpg,350,622
IMG010406043047.jpg,536,705
IMG010406043049.jpg,357,620
IMG010406043144.jpg,600,696
IMG010406043147.jpg,534,583
IMG010406043227.jpg,472,692
IMG010406043230.jpg,408,653
IMG010406043510.jpg,505,689
IMG010406043514.jpg,504,680
IMG010406043517.jpg,403,525
IMG010406043542.jpg,505,712
IMG010406043545.jpg,449,674
IMG010406043548.jpg,505,707
IMG010406043550.jpg,448,676
IMG010406043624.jpg,515,753
IMG010406043627.jpg,371,593
IMG010406043701.jpg,504,638
IMG010406043727.jpg,511,733
IMG010406043730.jpg,392,563
IMG010406043844.jpg,494,658
IMG010406043849.jpg,494,650
IMG010406043853.jpg,494,650
IMG010406043953.jpg,556,783
IMG010406045732.jpg,477,731
IMG010406050210.jpg,783,693
IMG010406050213.jpg,654,538
IMG010406050301.jpg,476,634
IMG010406050303.jpg,420,587
IMG010406050358.jpg,699,569
IMG010406050400.jpg,529,417
IMG010406050542.jpg,541,660
IMG010406050654.jpg,853,743
IMG010406050656.jpg,691,608
IMG010406050725.jpg,466,656
IMG010406050728.jpg,346,536
IMG010406050731.jpg,462,647
IMG010406050733.jpg,335,554
IMG010406050927.jpg,762,667
IMG010406050930.jpg,478,678
IMG010406050958.jpg,502,627
IMG010406051001.jpg,390,553
IMG010406051004.jpg,503,619
IMG010406051008.jpg,500,613
IMG010406051010.jpg,396,555
IMG010406051034.jpg,464,696
IMG010406051138.jpg,482,666
IMG010406051210.jpg,505,627
IMG010406051212.jpg,411,564
IMG010406051258.jpg,728,655
IMG010406051300.jpg,576,537
IMG010406051427.jpg,706,601
IMG010406051430.jpg,582,471
IMG010406051527.jpg,500,694
IMG010406051530.jpg,493,644
IMG010406051631.jpg,518,617
IMG010406051633.jpg,506,577
IMG010406052159.jpg,475,705
IMG010406052204.jpg,476,700
IMG010406052207.jpg,338,605
IMG010406052318.jpg,469,662
IMG010406052321.jpg,399,579
IMG010406052519.jpg,746,691
IMG010406052523.jpg,742,687
IMG010406052526.jpg,626,617
IMG010406052634.jpg,687,628
IMG010406052640.jpg,464,684
IMG010406052643.jpg,295,557
IMG010406052647.jpg,459,682
IMG010406052822.jpg,526,716
IMG010406052825.jpg,449,628
IMG010406052907.jpg,755,645
IMG010406052910.jpg,625,527
IMG010406052953.jpg,519,706
IMG010406052955.jpg,532,743
IMG010406052957.jpg,539,676
IMG010406053116.jpg,547,627
IMG010406053118.jpg,586,576
IMG010406053252.jpg,477,688
IMG010406053254.jpg,466,626
IMG010406053527.jpg,495,683
IMG010406053529.jpg,509,614
IMG010406053542.jpg,458,653
IMG010406053546.jpg,285,497
IMG010406055745.jpg,492,663
IMG010406060518.jpg,447,599
IMG010406060753.jpg,455,692
IMG010406060755.jpg,331,525
IMG010406060929.jpg,469,606
IMG010406060931.jpg,380,509
IMG010406061030.jpg,458,667
IMG010406061033.jpg,413,614
IMG010406061036.jpg,460,660
IMG010406061038.jpg,425,616
IMG010406061126.jpg,314,510
IMG010406132350.jpg,504,734
IMG010406132352.jpg,405,669
IMG010406132733.jpg,483,582
IMG010406132736.jpg,454,528
IMG010406132920.jpg,547,710
IMG010406132923.jpg,389,697
IMG010406133118.jpg,490,671
IMG010406133250.jpg,675,587
IMG010406133252.jpg,674,555
IMG010406133332.jpg,582,611
IMG010406133335.jpg,508,800
IMG010406133345.jpg,456,608
IMG010406133347.jpg,426,554
IMG010406133404.jpg,714,654
IMG010406133407.jpg,670,602
IMG010406133454.jpg,599,578
IMG010406133457.jpg,515,751
IMG010406133524.jpg,272,675
IMG010406133535.jpg,723,608
IMG010406133538.jpg,637,498
IMG010406133619.jpg,622,552
IMG010406133650.jpg,716,633
IMG010406133653.jpg,710,591
IMG010406133743.jpg,612,465
IMG010406133745.jpg,540,631
IMG010406133823.jpg,747,732
IMG010406133825.jpg,733,685
IMG010406133923.jpg,596,572
IMG010406134013.jpg,770,709
IMG010406134016.jpg,708,598
IMG010406134123.jpg,785,759
IMG010406134126.jpg,749,709
IMG010406134259.jpg,706,564
IMG010406134302.jpg,670,501
IMG010406134307.jpg,455,563
IMG010406134309.jpg,415,482
IMG010406134312.jpg,453,556
IMG010406134314.jpg,419,485
IMG010406134415.jpg,674,567
IMG010406134418.jpg,642,434
IMG010406134447.jpg,418,706
IMG010406134449.jpg,362,670
IMG010406134452.jpg,409,703
IMG010406134454.jpg,361,671
IMG010406134529.jpg,691,605
IMG010406134532.jpg,625,532
IMG010406134628.jpg,749,717
IMG010406134631.jpg,712,644
IMG010406134702.jpg,446,637
IMG010406134828.jpg,493,637
IMG010406134831.jpg,428,582
IMG010406134852.jpg,736,668
IMG010406134854.jpg,675,517
IMG010406134948.jpg,451,612
IMG010406134951.jpg,376,568
IMG010406134953.jpg,753,705
IMG010406134956.jpg,755,634
IMG010406135052.jpg,739,718
IMG010406135057.jpg,731,711
IMG010406135059.jpg,693,664
IMG010406135130.jpg,480,739
IMG010406135133.jpg,290,721
IMG010406135213.jpg,646,432
IMG010406135313.jpg,456,676
IMG010406135319.jpg,694,607
IMG010406135321.jpg,690,549
IMG010406135423.jpg,738,667
IMG010406135425.jpg,710,629
IMG010406135429.jpg,458,633
IMG010406135432.jpg,420,572
IMG010406135434.jpg,456,626
IMG010406135436.jpg,422,575
IMG010406135542.jpg,489,624
IMG010406135545.jpg,313,615
IMG010406135604.jpg,728,601
IMG010406135608.jpg,727,596
IMG010406135611.jpg,659,478
IMG010406135715.jpg,726,641
IMG010406135717.jpg,673,565
IMG010406135803.jpg,437,627
IMG010406135821.jpg,737,698
IMG010406135824.jpg,698,625
IMG010406135929.jpg,736,658
IMG010406135932.jpg,667,541
IMG010406140002.jpg,451,646
IMG010406140005.jpg,434,598
IMG010406140028.jpg,723,636
IMG010406140030.jpg,714,570
IMG010406140111.jpg,438,756
IMG010406140114.jpg,223,732
IMG010406140132.jpg,711,628
IMG010406140135.jpg,680,603
IMG010406140304.jpg,567,505
IMG010406140306.jpg,507,423
IMG010406140308.jpg,774,611
IMG010406140311.jpg,690,497
IMG010406140419.jpg,518,621
IMG010406140422.jpg,456,618
IMG010406140440.jpg,686,601
IMG010406140443.jpg,682,544
IMG010406140545.jpg,433,757
IMG010406140548.jpg,216,780
IMG010406140656.jpg,686,583
IMG010406140659.jpg,657,539
IMG010406140717.jpg,428,697
IMG010406140809.jpg,445,649
IMG010406140812.jpg,404,590
IMG010406140830.jpg,726,625
IMG010406140833.jpg,641,473
IMG010406140933.jpg,701,612
IMG010406140936.jpg,636,517
IMG010406140953.jpg,434,786
IMG010406140956.jpg,179,779
IMG010406141033.jpg,712,637
IMG010406141036.jpg,651,592
IMG010406141150.jpg,443,661
IMG010406141225.jpg,752,677
IMG010406141232.jpg,683,546
IMG010406141250.jpg,485,619
IMG010406141252.jpg,433,567
IMG010406141334.jpg,704,612
IMG010406141337.jpg,677,550
IMG010406141343.jpg,472,689
IMG010406141346.jpg,223,685
IMG010406141431.jpg,752,717
IMG010406141434.jpg,728,671
IMG010406141513.jpg,492,666
IMG010406141551.jpg,730,629
IMG010406141554.jpg,635,521
IMG010406141607.jpg,575,440
IMG010406141610.jpg,542,386
IMG010406141659.jpg,679,600
IMG010406141702.jpg,684,552
IMG010406141710.jpg,446,713
IMG010406141713.jpg,326,620
IMG010406141820.jpg,725,627
IMG010406141823.jpg,692,569
IMG010406142516.jpg,701,579
IMG010406142518.jpg,613,506
IMG010406142623.jpg,665,587
IMG010406142734.jpg,729,675
IMG010406142736.jpg,664,604
IMG010406142909.jpg,690,623
IMG010406142911.jpg,629,517
IMG010406143032.jpg,732,643
IMG010406143035.jpg,511,455
IMG010406143229.jpg,721,675
IMG010406143232.jpg,648,495
IMG010406143442.jpg,655,534
IMG010406143445.jpg,573,441
IMG010406143602.jpg,699,628
IMG010406143605.jpg,611,523
IMG010406143710.jpg,731,682
