IMG080506104609.jpg,0,0
IMG080506104711.jpg,0,0
IMG080506104716.jpg,0,0
IMG080506104832.jpg,0,0
IMG080506105010.jpg,0,0
IMG080506105043.jpg,0,0
IMG080506105100.jpg,0,0
IMG080506105121.jpg,0,0
IMG080506105125.jpg,0,0
IMG080506105130.jpg,0,0
IMG080506105256.jpg,-1,-1
IMG080506105259.jpg,-1,-1
IMG080506105302.jpg,-1,-1
IMG080506105337.jpg,-1,-1
IMG080506105517.jpg,398,173
IMG080506105519.jpg,0,0
IMG080506105521.jpg,0,0
IMG080506105559.jpg,0,0
IMG080506105603.jpg,0,0
IMG080506105628.jpg,0,0
IMG080506105654.jpg,0,0
IMG080506105713.jpg,0,0
IMG080506105735.jpg,0,0
IMG080506110036.jpg,0,0
IMG080506110054.jpg,0,0
IMG080506110058.jpg,0,0
IMG080506110100.jpg,0,0
IMG080506110149.jpg,0,0
IMG080506110211.jpg,0,0
IMG080506110215.jpg,0,0
IMG080506110220.jpg,0,0
IMG080506110252.jpg,0,0
IMG080506110401.jpg,0,0
IMG080506110421.jpg,0,0
IMG080506110555.jpg,0,0
IMG080506110557.jpg,0,0
IMG080506110602.jpg,0,0
IMG080506110606.jpg,0,0
IMG080506110623.jpg,0,0
IMG080506110651.jpg,0,0
IMG080506110722.jpg,0,0
IMG080506110747.jpg,0,0
IMG080506110815.jpg,0,0
IMG080506111009.jpg,-1,-1
IMG080506111013.jpg,-1,-1
IMG080506111016.jpg,-1,-1
IMG080506111055.jpg,968,123
IMG080506111059.jpg,0,0
IMG080506111102.jpg,0,0
IMG080506113150.jpg,-1,-1
IMG080506113154.jpg,-1,-1
IMG080506113157.jpg,-1,-1
IMG080506113340.jpg,0,0
IMG080506113401.jpg,0,0
IMG080506113403.jpg,0,0
IMG080506113406.jpg,0,0
IMG080506113409.jpg,0,0
IMG080506113504.jpg,0,0
IMG080506113538.jpg,0,0
IMG080506113543.jpg,0,0
IMG080506113547.jpg,0,0
IMG080506113607.jpg,0,0
IMG080506114012.jpg,0,0
IMG080519114900.jpg,0,0
IMG080519115217.jpg,-1,-1
IMG080519115223.jpg,0,0
IMG080519115229.jpg,0,0
IMG080519115312.jpg,0,0
IMG080519115318.jpg,0,0
IMG080519115324.jpg,0,0
IMG080519115425.jpg,-1,-1
IMG080519115431.jpg,0,0
IMG080519115513.jpg,0,0
IMG080519115621.jpg,-1,-1
IMG080519115627.jpg,0,0
IMG080519115633.jpg,0,0
IMG080519115805.jpg,-1,-1
IMG080519124308.jpg,0,0
IMG080519124314.jpg,0,0
IMG080519124320.jpg,0,0
IMG080519124417.jpg,-1,-1
IMG080519124537.jpg,-1,-1
IMG080519125729.jpg,0,0
IMG080519130122.jpg,-1,-1
IMG080519131833.jpg,-1,-1
IMG080519131836.jpg,-1,-1
IMG080519131838.jpg,-1,-1
IMG080519131841.jpg,-1,-1
IMG080519131843.jpg,-1,-1
IMG080519131846.jpg,-1,-1
IMG080519131912.jpg,-1,-1
IMG080519131916.jpg,-1,-1
IMG080519131921.jpg,-1,-1
IMG080519135549.jpg,0,0
IMG080519135554.jpg,0,0
IMG080519135632.jpg,-1,-1
IMG080519135635.jpg,-1,-1
IMG080519140125.jpg,0,0
IMG080519140738.jpg,0,0
IMG080519140743.jpg,0,0
IMG080519140748.jpg,0,0
IMG080519140816.jpg,0,0
IMG080519140819.jpg,0,0
IMG080519140900.jpg,0,0
IMG080519141022.jpg,0,0
IMG080519141027.jpg,0,0
IMG080519141032.jpg,0,0
IMG080519141132.jpg,-1,-1
IMG080519141137.jpg,-1,-1
IMG080519141142.jpg,-1,-1
IMG080519141213.jpg,0,0
IMG080519141331.jpg,-1,-1
IMG080519150018.jpg,0,0
IMG080519150311.jpg,0,0
IMG080519151053.jpg,0,0
IMG080519151056.jpg,0,0
IMG080519151100.jpg,0,0
IMG080519151844.jpg,0,0
IMG080519152536.jpg,0,0
IMG080519152933.jpg,0,0
IMG080519155337.jpg,0,0
IMG080606000056.jpg,-1,-1
IMG080606000652.jpg,-1,-1
IMG080606005200.jpg,0,0
IMG080606005601.jpg,-1,-1
IMG080606005607.jpg,-1,-1
IMG080606005743.jpg,-1,-1
IMG080606005956.jpg,-1,-1
IMG080606012229.jpg,-1,-1
IMG080606012828.jpg,-1,-1
IMG080606012930.jpg,0,0
IMG080606014246.jpg,-1,-1
IMG080606014635.jpg,-1,-1
IMG080606014926.jpg,-1,-1
IMG080606014958.jpg,-1,-1
IMG080606015038.jpg,-1,-1
IMG080606015145.jpg,0,0
IMG080606015150.jpg,0,0
IMG080606020152.jpg,0,0
IMG080606020736.jpg,0,0
IMG080606020858.jpg,0,0
IMG080606020941.jpg,-1,-1
IMG080606021134.jpg,0,0
IMG080606021136.jpg,-1,-1
IMG080606021139.jpg,0,0
IMG080606021314.jpg,0,0
IMG080606021924.jpg,-1,-1
IMG080606022036.jpg,-1,-1
IMG080606022040.jpg,-1,-1
IMG080606022149.jpg,-1,-1
IMG080606023633.jpg,641,568
IMG080606025740.jpg,-1,-1
IMG080606030317.jpg,0,0
IMG080606030405.jpg,-1,-1
IMG080606030409.jpg,-1,-1
IMG080606030413.jpg,-1,-1
IMG080606030436.jpg,-1,-1
IMG080606030840.jpg,0,0
IMG080606031338.jpg,461,637
IMG080606031446.jpg,0,0
IMG080606031451.jpg,0,0
IMG080606031926.jpg,-1,-1
IMG080606040808.jpg,-1,-1
IMG080606041208.jpg,-1,-1
IMG080606041509.jpg,0,0
IMG080606041513.jpg,0,0
IMG080606041517.jpg,0,0
IMG080606041519.jpg,0,0
IMG080606041853.jpg,-1,-1
IMG080606042146.jpg,0,0
IMG080606042343.jpg,-1,-1
IMG080606042637.jpg,-1,-1
IMG080606042905.jpg,-1,-1
IMG080606043220.jpg,0,0
IMG080606043728.jpg,0,0
IMG080606043732.jpg,0,0
IMG080606043736.jpg,0,0
IMG080606043829.jpg,-1,-1
IMG080606044519.jpg,-1,-1
IMG080606044754.jpg,-1,-1
IMG080606045031.jpg,-1,-1
IMG080606045152.jpg,-1,-1
IMG080606045244.jpg,-1,-1
IMG080706000305.jpg,-1,-1
IMG080706000310.jpg,-1,-1
IMG080706000315.jpg,-1,-1
IMG080706005953.jpg,-1,-1
IMG080706010035.jpg,-1,-1
IMG080706010038.jpg,-1,-1
IMG080706010410.jpg,-1,-1
IMG080706014430.jpg,-1,-1
IMG080706014435.jpg,-1,-1
IMG080706014440.jpg,-1,-1
IMG080706014921.jpg,754,139
IMG080706014926.jpg,758,142
IMG080706015035.jpg,0,0
IMG080706015551.jpg,-1,-1
IMG080706015714.jpg,0,0
IMG080706015837.jpg,0,0
IMG080706020112.jpg,-1,-1
IMG080706020200.jpg,-1,-1
IMG080706021334.jpg,-1,-1
IMG080706021444.jpg,0,0
IMG080706023214.jpg,-1,-1
IMG080706023334.jpg,0,0
IMG080706042803.jpg,-1,-1
IMG080706043415.jpg,-1,-1
IMG080706043613.jpg,-1,-1
IMG080706043823.jpg,-1,-1
IMG080706043936.jpg,-1,-1
IMG080706044043.jpg,-1,-1
IMG080706044310.jpg,-1,-1
IMG080706164524.jpg,773,698
IMG080706165133.jpg,0,0
IMG080706165447.jpg,0,0
IMG080706165451.jpg,0,0
IMG080706165455.jpg,0,0
IMG080706165514.jpg,0,0
IMG080706165537.jpg,0,0
IMG080706165541.jpg,0,0
IMG080706165545.jpg,0,0
IMG080706165631.jpg,0,0
IMG080706174020.jpg,-1,-1
IMG080706174027.jpg,0,0
IMG080706174254.jpg,0,0
IMG080706174939.jpg,0,0
IMG080706175940.jpg,-1,-1
IMG080706175947.jpg,-1,-1
IMG080706175953.jpg,-1,-1
IMG080706180143.jpg,-1,-1
IMG080706180149.jpg,-1,-1
IMG080706180155.jpg,-1,-1
IMG080706180227.jpg,0,0
IMG080706180231.jpg,0,0
IMG080706181010.jpg,0,0
IMG080706183508.jpg,0,0
IMG080706183918.jpg,-1,-1
IMG080706190647.jpg,-1,-1
IMG080706201718.jpg,0,0
IMG080706201943.jpg,-1,-1
IMG080706201948.jpg,-1,-1
IMG080706201953.jpg,-1,-1
IMG080706205759.jpg,0,0
IMG080706205801.jpg,0,0
IMG080706205926.jpg,-1,-1
IMG080706211416.jpg,-1,-1
IMG080706213351.jpg,0,0
IMG080706214233.jpg,-1,-1
IMG080706214529.jpg,0,0
IMG080706214532.jpg,0,0
IMG080706214536.jpg,0,0
IMG080706222539.jpg,0,0
IMG080706222831.jpg,353,502
IMG080706224448.jpg,0,0
IMG080706224618.jpg,0,0
IMG080706225315.jpg,-1,-1
IMG080706225957.jpg,0,0
IMG080706230239.jpg,-1,-1
IMG080706232639.jpg,0,0
IMG080706233114.jpg,-1,-1
IMG080706233331.jpg,-1,-1
IMG080706233336.jpg,-1,-1
IMG080706233341.jpg,-1,-1
IMG080706233440.jpg,0,0
IMG080706233915.jpg,-1,-1
IMG080819093300.jpg,0,0
IMG080819093303.jpg,0,0
IMG080819093308.jpg,0,0
IMG080819093729.jpg,0,0
IMG080819093734.jpg,0,0
IMG080819093738.jpg,0,0
IMG080819094224.jpg,0,0
IMG080819094607.jpg,0,0
IMG080819095205.jpg,0,0
IMG080819095319.jpg,0,0
IMG080819095501.jpg,0,0
IMG080819102057.jpg,0,0
IMG080819102502.jpg,0,0
IMG080819102639.jpg,0,0
IMG080819103155.jpg,0,0
IMG080819103336.jpg,-1,-1
IMG080819103856.jpg,0,0
IMG080819104005.jpg,0,0
IMG080819104513.jpg,0,0
IMG080819104853.jpg,0,0
IMG080819104959.jpg,0,0
IMG080819105446.jpg,-1,-1
IMG080819105452.jpg,-1,-1
IMG080819105458.jpg,-1,-1
IMG080819105812.jpg,562,519
IMG080819110319.jpg,0,0
IMG080819110325.jpg,0,0
IMG080819110331.jpg,0,0
IMG080819110423.jpg,-1,-1
IMG080819110429.jpg,-1,-1
IMG080819110435.jpg,-1,-1
IMG080819110527.jpg,-1,-1
IMG080819110533.jpg,-1,-1
IMG080819110539.jpg,-1,-1
IMG080819110812.jpg,-1,-1
IMG080819110818.jpg,-1,-1
IMG080819110824.jpg,0,0
IMG080819110859.jpg,-1,-1
IMG080819110957.jpg,0,0
IMG080819111003.jpg,0,0
IMG080819111009.jpg,0,0
IMG080819111147.jpg,0,0
IMG080819112303.jpg,0,0
IMG080819112735.jpg,-1,-1
IMG080819112740.jpg,0,0
IMG080819112745.jpg,0,0
IMG080819112817.jpg,-1,-1
IMG080819112822.jpg,0,0
IMG080819112827.jpg,0,0
IMG080819123632.jpg,0,0
IMG080819153155.jpg,-1,-1
IMG080819153159.jpg,0,0
IMG080819153203.jpg,0,0
IMG080819153753.jpg,0,0
IMG080819154212.jpg,-1,-1
IMG080819155801.jpg,-1,-1
IMG080819155805.jpg,-1,-1
IMG080819155810.jpg,-1,-1
IMG080819160315.jpg,0,0
IMG080819160410.jpg,-1,-1
IMG080819162216.jpg,0,0
IMG080819162220.jpg,0,0
IMG080819162224.jpg,0,0
IMG080819162324.jpg,-1,-1
IMG080819162326.jpg,-1,-1
IMG080819163943.jpg,0,0
IMG080819170723.jpg,0,0
IMG080819170808.jpg,0,0
IMG090119080454.jpg,-1,-1
IMG090119080743.jpg,-1,-1
IMG090119080748.jpg,-1,-1
IMG090119080753.jpg,-1,-1
IMG090119084602.jpg,0,0
IMG090119085000.jpg,-1,-1
IMG090119085101.jpg,-1,-1
IMG090119085104.jpg,-1,-1
IMG090119085359.jpg,-1,-1
IMG090119085406.jpg,-1,-1
IMG090119085409.jpg,-1,-1
IMG090119090150.jpg,-1,-1
IMG090119090155.jpg,-1,-1
IMG090119090200.jpg,-1,-1
IMG090119090505.jpg,567,191
IMG090119090807.jpg,-1,-1
IMG090119091130.jpg,733,169
IMG090119091134.jpg,0,0
IMG090119091530.jpg,0,0
IMG090119091721.jpg,-1,-1
IMG090119091726.jpg,-1,-1
IMG090119091731.jpg,-1,-1
IMG090119092019.jpg,-1,-1
IMG090119092025.jpg,-1,-1
IMG090119092028.jpg,-1,-1
IMG090119093008.jpg,0,0
IMG090119093014.jpg,0,0
IMG090119093019.jpg,0,0
IMG090119093207.jpg,0,0
IMG090119093212.jpg,0,0
IMG090119093217.jpg,0,0
IMG090119094403.jpg,-1,-1
IMG090119105820.jpg,0,0
IMG090119105826.jpg,0,0
IMG090119105832.jpg,0,0
IMG090119105924.jpg,-1,-1
IMG090119105930.jpg,-1,-1
IMG090119105936.jpg,-1,-1
IMG090119110023.jpg,-1,-1
IMG090119110029.jpg,-1,-1
IMG090119110035.jpg,-1,-1
IMG090119110122.jpg,0,0
IMG090119110128.jpg,0,0
IMG090119110134.jpg,0,0
IMG090119110205.jpg,-1,-1
IMG090119110212.jpg,-1,-1
IMG090119110218.jpg,-1,-1
IMG090119110333.jpg,-1,-1
IMG090119110340.jpg,-1,-1
IMG090119110418.jpg,-1,-1
IMG090119110424.jpg,-1,-1
IMG090119110430.jpg,-1,-1
IMG090119110705.jpg,-1,-1
IMG090119110708.jpg,-1,-1
IMG090119110845.jpg,-1,-1
IMG090119110848.jpg,0,0
IMG090119110851.jpg,-1,-1
IMG090119110855.jpg,0,0
IMG090119110858.jpg,-1,-1
IMG090119110901.jpg,661,92
IMG090119110930.jpg,-1,-1
IMG090119110934.jpg,-1,-1
IMG090119110937.jpg,-1,-1
IMG090119110940.jpg,0,0
IMG090119110943.jpg,-1,-1
IMG090119110947.jpg,0,0
IMG090119111022.jpg,-1,-1
IMG090119111026.jpg,-1,-1
IMG090119111029.jpg,-1,-1
IMG090119111032.jpg,-1,-1
IMG090119111035.jpg,-1,-1
IMG090119111039.jpg,-1,-1
IMG090119111110.jpg,-1,-1
IMG090119111113.jpg,-1,-1
IMG090119111120.jpg,-1,-1
IMG090119111122.jpg,-1,-1
IMG090119111126.jpg,-1,-1
IMG090119111232.jpg,-1,-1
IMG090119111403.jpg,-1,-1
IMG090119111529.jpg,-1,-1
IMG090119111532.jpg,-1,-1
IMG090119111651.jpg,-1,-1
IMG090119111657.jpg,-1,-1
IMG090119111703.jpg,-1,-1
IMG090119111741.jpg,165,89
IMG090119111747.jpg,0,0
IMG090119111753.jpg,0,0
IMG090119112041.jpg,-1,-1
IMG090119112048.jpg,-1,-1
IMG090119113457.jpg,661,137
IMG090119113501.jpg,0,0
IMG090119125416.jpg,-1,-1
IMG090119130419.jpg,-1,-1
IMG090119130423.jpg,-1,-1
IMG090119130426.jpg,-1,-1
IMG090119130932.jpg,0,0
IMG090119130936.jpg,0,0
IMG090119130937.jpg,0,0
IMG090119130940.jpg,0,0
IMG090119131249.jpg,0,0
IMG090119131338.jpg,0,0
IMG090119131450.jpg,0,0
IMG090119131512.jpg,-1,-1
IMG090119131517.jpg,-1,-1
IMG090119131519.jpg,-1,-1
IMG090119131613.jpg,0,0
IMG090119131737.jpg,-1,-1
IMG090119131739.jpg,-1,-1
IMG090119132100.jpg,0,0
IMG090119134856.jpg,0,0
IMG090119135537.jpg,0,0
IMG090119135940.jpg,-1,-1
IMG090119135945.jpg,-1,-1
IMG090119140749.jpg,0,0
IMG090119141538.jpg,0,0
IMG090119141704.jpg,-1,-1
IMG090119141709.jpg,-1,-1
IMG090119141714.jpg,-1,-1
IMG090119145250.jpg,-1,-1
IMG090119145252.jpg,-1,-1
IMG090119145254.jpg,-1,-1
IMG090119145257.jpg,-1,-1
IMG090119145259.jpg,-1,-1
IMG090119145301.jpg,-1,-1
IMG090119145305.jpg,-1,-1
IMG090119145309.jpg,-1,-1
IMG090119145501.jpg,0,0
IMG090119151046.jpg,0,0
IMG090119151940.jpg,-1,-1
IMG090119153053.jpg,0,0
IMG090119153057.jpg,0,0
IMG090119153102.jpg,0,0
IMG090218092505.jpg,-1,-1
IMG090218092509.jpg,-1,-1
IMG090218092514.jpg,-1,-1
IMG090218092828.jpg,-1,-1
IMG090218092833.jpg,-1,-1
IMG090218092837.jpg,-1,-1
IMG090218093542.jpg,-1,-1
IMG090218095011.jpg,-1,-1
IMG090218101751.jpg,-1,-1
IMG090406020031.jpg,-1,-1
IMG090406020502.jpg,-1,-1
IMG090406021251.jpg,-1,-1
IMG090406021752.jpg,-1,-1
IMG090406022303.jpg,-1,-1
IMG090406022751.jpg,0,0
IMG090406022836.jpg,-1,-1
IMG090406024048.jpg,-1,-1
IMG090406024052.jpg,-1,-1
IMG090406024057.jpg,-1,-1
IMG090406032709.jpg,0,0
IMG090406032934.jpg,-1,-1
IMG090406033049.jpg,0,0
IMG090406033116.jpg,-1,-1
IMG090406033345.jpg,-1,-1
IMG090406033536.jpg,-1,-1
IMG090406033715.jpg,-1,-1
IMG090406033820.jpg,-1,-1
IMG090406033856.jpg,-1,-1
IMG090406034354.jpg,0,0
IMG090406034401.jpg,-1,-1
IMG090406035729.jpg,-1,-1
IMG090406035734.jpg,-1,-1
IMG090406035738.jpg,-1,-1
IMG090406035807.jpg,-1,-1
IMG090406035811.jpg,-1,-1
IMG090406035815.jpg,-1,-1
IMG090406035847.jpg,-1,-1
IMG090406035852.jpg,-1,-1
IMG090406035856.jpg,-1,-1
IMG090406040858.jpg,-1,-1
IMG090406041943.jpg,-1,-1
IMG090406042405.jpg,-1,-1
IMG090406042510.jpg,0,0
IMG090406043621.jpg,-1,-1
IMG090406043820.jpg,0,0
IMG090406043900.jpg,-1,-1
IMG090406050302.jpg,0,0
IMG090406050437.jpg,-1,-1
IMG090406050712.jpg,-1,-1
IMG090406051040.jpg,-1,-1
IMG090406051116.jpg,0,0
IMG090406051445.jpg,-1,-1
IMG090406051925.jpg,-1,-1
IMG090406054005.jpg,0,0
IMG090406054012.jpg,0,0
IMG090406054416.jpg,0,0
IMG090406054419.jpg,0,0
IMG090406054423.jpg,0,0
IMG090406054753.jpg,0,0
IMG090406055025.jpg,-1,-1
IMG090406055026.jpg,0,0
IMG090406055304.jpg,0,0
IMG090406060035.jpg,684,870
IMG090406060038.jpg,0,0
IMG090406060239.jpg,-1,-1
IMG090406060241.jpg,664,703
IMG090406060242.jpg,-1,-1
IMG090406060244.jpg,673,709
IMG090406060247.jpg,-1,-1
IMG090406060249.jpg,0,0
IMG090406060748.jpg,0,0
IMG090406061204.jpg,0,0
IMG090406061902.jpg,0,0
IMG090406062423.jpg,0,0
IMG090406062817.jpg,0,0
IMG090406062943.jpg,-1,-1
IMG090406070213.jpg,998,148
IMG090406070219.jpg,-1,-1
IMG090406070636.jpg,0,0
IMG090406071028.jpg,0,0
IMG090406071635.jpg,0,0
IMG090406072604.jpg,0,0
IMG090406073124.jpg,-1,-1
IMG090406075458.jpg,0,0
IMG090406075751.jpg,-1,-1
IMG090406081036.jpg,0,0
IMG090406081039.jpg,0,0
IMG090406081042.jpg,0,0
IMG090406081044.jpg,0,0
IMG090406081154.jpg,0,0
IMG090406081345.jpg,0,0
IMG090406081522.jpg,0,0
IMG090406082140.jpg,-1,-1
IMG090406082757.jpg,-1,-1
IMG090406083710.jpg,0,0
IMG090406085046.jpg,0,0
IMG090406085300.jpg,0,0
IMG090406085400.jpg,0,0
IMG090406085706.jpg,0,0
IMG090406085805.jpg,0,0
IMG090406085834.jpg,0,0
IMG090406090102.jpg,0,0
IMG090406090104.jpg,0,0
IMG090406090107.jpg,0,0
IMG090406090139.jpg,0,0
IMG090406090147.jpg,0,0
IMG090406090231.jpg,0,0
IMG090406092222.jpg,0,0
IMG090406092226.jpg,0,0
IMG090406092403.jpg,0,0
IMG090406092538.jpg,0,0
IMG090406093134.jpg,0,0
IMG090406093531.jpg,0,0
IMG090406093640.jpg,0,0
IMG090406093955.jpg,0,0
IMG090406094232.jpg,0,0
IMG090406094442.jpg,0,0
IMG090406094703.jpg,0,0
IMG090406095448.jpg,0,0
IMG090406095548.jpg,0,0
IMG090406095757.jpg,0,0
IMG090406095933.jpg,0,0
IMG090406100037.jpg,0,0
IMG090406100235.jpg,0,0
IMG090406100411.jpg,0,0
IMG090406100518.jpg,0,0
IMG090406100523.jpg,0,0
IMG090406100614.jpg,0,0
IMG090406100731.jpg,0,0
IMG090406100942.jpg,0,0
IMG090406101952.jpg,0,0
IMG090406102857.jpg,0,0
IMG090406142943.jpg,-1,-1
IMG090406142945.jpg,-1,-1
IMG090406142949.jpg,-1,-1
IMG090406143433.jpg,0,0
IMG090406143508.jpg,0,0
IMG090406205256.jpg,-1,-1
IMG090406205258.jpg,-1,-1
IMG090406210132.jpg,0,0
IMG090406210137.jpg,0,0
IMG090406210253.jpg,0,0
IMG090406211235.jpg,0,0
IMG090406212658.jpg,0,0
IMG090406213439.jpg,0,0
IMG090406213546.jpg,0,0
IMG090406213737.jpg,0,0
IMG090406214405.jpg,0,0
IMG090406214905.jpg,-1,-1
IMG090406214907.jpg,-1,-1
IMG090406215559.jpg,0,0
IMG090406220556.jpg,0,0
IMG090406220601.jpg,0,0
IMG090406220606.jpg,0,0
IMG090406221134.jpg,0,0
IMG090406221244.jpg,0,0
IMG090406221812.jpg,0,0
IMG090406222116.jpg,0,0
IMG090406222119.jpg,0,0
IMG090406222324.jpg,0,0
IMG090406222544.jpg,0,0
IMG090406222653.jpg,0,0
IMG090406222812.jpg,-1,-1
IMG090406224248.jpg,0,0
IMG090406224851.jpg,0,0
IMG090406225000.jpg,0,0
IMG090406225112.jpg,0,0
IMG090406225116.jpg,0,0
IMG090406225121.jpg,0,0
IMG090406232121.jpg,0,0
IMG090406232228.jpg,0,0
IMG090406233838.jpg,0,0
IMG090406234834.jpg,-1,-1
IMG090406235005.jpg,-1,-1
IMG090419085820.jpg,-1,-1
IMG090419085933.jpg,-1,-1
IMG090419085935.jpg,0,0
IMG090419085939.jpg,-1,-1
IMG090419085944.jpg,-1,-1
IMG090419090319.jpg,-1,-1
IMG090419090325.jpg,-1,-1
IMG090419090331.jpg,-1,-1
IMG090419092328.jpg,-1,-1
IMG090419092334.jpg,-1,-1
IMG090419092340.jpg,-1,-1
IMG090419092427.jpg,-1,-1
IMG090419092749.jpg,0,0
IMG090419092755.jpg,0,0
IMG090419092801.jpg,0,0
IMG090419093448.jpg,-1,-1
IMG090419093451.jpg,-1,-1
IMG090419093454.jpg,-1,-1
IMG090419093457.jpg,-1,-1
IMG090419093500.jpg,-1,-1
IMG090419093503.jpg,-1,-1
IMG090419093607.jpg,-1,-1
IMG090419093610.jpg,-1,-1
IMG090419094720.jpg,402,189
IMG090419100102.jpg,-1,-1
IMG090419100108.jpg,-1,-1
IMG090419100114.jpg,-1,-1
IMG090419103039.jpg,-1,-1
IMG090419103045.jpg,219,46
IMG090419103051.jpg,0,0
IMG090419104511.jpg,-1,-1
IMG090419104722.jpg,0,0
IMG090419110124.jpg,0,0
IMG090419110130.jpg,598,50
IMG090419110136.jpg,0,0
IMG090419110304.jpg,0,0
IMG090419110308.jpg,0,0
IMG090419110314.jpg,0,0
IMG090419110408.jpg,-1,-1
IMG090419110412.jpg,0,0
IMG090419110416.jpg,0,0
IMG090419111927.jpg,0,0
IMG090419114419.jpg,0,0
IMG090419114425.jpg,0,0
IMG090419114431.jpg,0,0
IMG090419114509.jpg,0,0
IMG090419114515.jpg,0,0
IMG090419114521.jpg,0,0
IMG090419115855.jpg,0,0
IMG090419115901.jpg,0,0
IMG090419115907.jpg,0,0
IMG090419115949.jpg,0,0
IMG090419115955.jpg,0,0
IMG090419120001.jpg,0,0
IMG090419120102.jpg,0,0
IMG090419123554.jpg,-1,-1
IMG090419123657.jpg,-1,-1
IMG090419123700.jpg,0,0
IMG090419123706.jpg,0,0
IMG090419123712.jpg,0,0
IMG090419123751.jpg,-1,-1
IMG090419123757.jpg,0,0
IMG090419123803.jpg,0,0
IMG090419123853.jpg,0,0
IMG090419124809.jpg,0,0
IMG090419124815.jpg,0,0
IMG090419124821.jpg,0,0
IMG090419124927.jpg,-1,-1
IMG090419124933.jpg,-1,-1
IMG090419124939.jpg,-1,-1
IMG090419125139.jpg,0,0
IMG090419125145.jpg,0,0
IMG090419125150.jpg,0,0
IMG090419155007.jpg,0,0
IMG090419155225.jpg,0,0
IMG090419155231.jpg,0,0
IMG090419155237.jpg,0,0
IMG090419155318.jpg,0,0
IMG090419155324.jpg,0,0
IMG090419155330.jpg,0,0
IMG090419155445.jpg,-1,-1
IMG090419155451.jpg,-1,-1
IMG090419155457.jpg,-1,-1
IMG090419155637.jpg,-1,-1
IMG090419155643.jpg,-1,-1
IMG090419155649.jpg,-1,-1
IMG090419155722.jpg,-1,-1
IMG090419155728.jpg,-1,-1
IMG090419155734.jpg,-1,-1
IMG090419160351.jpg,-1,-1
IMG090419160354.jpg,-1,-1
IMG090419160357.jpg,-1,-1
IMG090419160402.jpg,-1,-1
IMG090419160406.jpg,-1,-1
IMG090419160440.jpg,-1,-1
IMG090419160444.jpg,0,0
IMG090419160446.jpg,-1,-1
IMG090419160450.jpg,0,0
IMG090419160452.jpg,-1,-1
IMG090419160456.jpg,0,0
IMG090419160615.jpg,-1,-1
IMG090419160621.jpg,-1,-1
IMG090419160627.jpg,-1,-1
IMG090419160721.jpg,-1,-1
IMG090419160724.jpg,-1,-1
IMG090419160819.jpg,-1,-1
IMG090419160822.jpg,0,0
IMG090419160825.jpg,-1,-1
IMG090419160828.jpg,169,99
IMG090419160830.jpg,-1,-1
IMG090419160834.jpg,0,0
IMG090419160909.jpg,-1,-1
IMG090419160912.jpg,0,0
IMG090419160915.jpg,-1,-1
IMG090419160918.jpg,0,0
IMG090419160921.jpg,-1,-1
IMG090419160924.jpg,0,0
IMG090419160948.jpg,-1,-1
IMG090419163847.jpg,0,0
IMG090419163853.jpg,0,0
IMG090419163859.jpg,0,0
IMG090419164006.jpg,-1,-1
IMG090419164012.jpg,-1,-1
IMG090419164018.jpg,-1,-1
IMG090419164104.jpg,-1,-1
IMG090419164110.jpg,-1,-1
IMG090419164116.jpg,-1,-1
IMG090419164239.jpg,-1,-1
IMG090419164245.jpg,-1,-1
IMG090419164251.jpg,-1,-1
IMG090419164755.jpg,0,0
IMG090419164801.jpg,0,0
IMG090419164807.jpg,0,0
IMG090506025848.jpg,0,0
IMG090506030439.jpg,0,0
IMG090506030459.jpg,0,0
IMG090506030521.jpg,0,0
IMG090506030525.jpg,0,0
IMG090506030528.jpg,0,0
IMG090506030854.jpg,0,0
IMG090506031554.jpg,-1,-1
IMG090506031806.jpg,0,0
IMG090506032036.jpg,0,0
IMG090506032040.jpg,0,0
IMG090506032044.jpg,0,0
IMG090506032125.jpg,0,0
IMG090506033504.jpg,-1,-1
IMG090506040842.jpg,-1,-1
IMG090506040905.jpg,-1,-1
IMG090506041721.jpg,-1,-1
IMG090506042217.jpg,0,0
IMG090506042220.jpg,0,0
IMG090506042223.jpg,-1,-1
IMG090506042224.jpg,0,0
IMG090506042253.jpg,297,273
IMG090506044028.jpg,-1,-1
IMG090506044322.jpg,0,0
IMG090506044356.jpg,0,0
IMG090506044358.jpg,-1,-1
IMG090506044817.jpg,-1,-1
IMG090506044824.jpg,0,0
IMG090506045019.jpg,-1,-1
IMG090506045042.jpg,-1,-1
IMG090506045420.jpg,0,0
IMG090506045618.jpg,0,0
IMG090506045652.jpg,-1,-1
IMG090506045723.jpg,-1,-1
IMG090506045913.jpg,-1,-1
IMG090506045918.jpg,-1,-1
IMG090506050144.jpg,-1,-1
IMG090506050207.jpg,0,0
IMG090506050211.jpg,0,0
IMG090506050911.jpg,-1,-1
IMG090506051023.jpg,-1,-1
IMG090506051046.jpg,-1,-1
IMG090506051209.jpg,0,0
IMG090506051325.jpg,-1,-1
IMG090506051800.jpg,-1,-1
IMG090506051804.jpg,0,0
IMG090506051808.jpg,0,0
IMG090506051911.jpg,-1,-1
IMG090506051913.jpg,-1,-1
IMG090506051915.jpg,-1,-1
IMG090506051917.jpg,0,0
IMG090506051919.jpg,-1,-1
IMG090506051921.jpg,317,93
IMG090506051957.jpg,-1,-1
IMG090506051959.jpg,-1,-1
IMG090506052052.jpg,-1,-1
IMG090506052202.jpg,0,0
IMG090506052255.jpg,-1,-1
IMG090506052259.jpg,-1,-1
IMG090506052303.jpg,-1,-1
IMG090506052409.jpg,289,127
IMG090506052721.jpg,256,111
IMG090506052725.jpg,0,0
IMG090506052920.jpg,0,0
IMG090506052924.jpg,0,0
IMG090506052928.jpg,0,0
IMG090506053112.jpg,0,0
IMG090506053206.jpg,-1,-1
IMG090506053209.jpg,-1,-1
IMG090506053321.jpg,0,0
IMG090506053325.jpg,0,0
IMG090506053338.jpg,0,0
IMG090506053343.jpg,0,0
IMG090506053347.jpg,0,0
IMG090506053407.jpg,0,0
IMG090506053657.jpg,-1,-1
IMG090506054645.jpg,0,0
IMG090506054904.jpg,334,180
IMG090506054941.jpg,-1,-1
IMG090506055028.jpg,-1,-1
IMG090506071807.jpg,-1,-1
IMG090506080618.jpg,0,0
IMG090506084742.jpg,-1,-1
IMG090506084841.jpg,-1,-1
IMG090506084908.jpg,-1,-1
IMG090506085322.jpg,-1,-1
IMG090506091218.jpg,0,0
IMG090506091223.jpg,0,0
IMG090506091227.jpg,0,0
IMG090506091338.jpg,0,0
IMG090506091411.jpg,0,0
IMG090506091657.jpg,0,0
IMG090506091702.jpg,0,0
IMG090506091706.jpg,0,0
IMG090506091751.jpg,0,0
IMG090506091825.jpg,-1,-1
IMG090506092023.jpg,-1,-1
IMG090506092048.jpg,0,0
IMG090506092131.jpg,-1,-1
IMG090506092242.jpg,-1,-1
IMG090506092501.jpg,0,0
IMG090506092509.jpg,0,0
IMG090506092557.jpg,-1,-1
IMG090506093235.jpg,0,0
IMG090506093305.jpg,-1,-1
IMG090506093340.jpg,-1,-1
IMG090506093345.jpg,-1,-1
IMG090506093445.jpg,-1,-1
IMG090506093638.jpg,-1,-1
IMG090506093643.jpg,-1,-1
IMG090506095339.jpg,-1,-1
IMG090506095633.jpg,-1,-1
IMG090506095857.jpg,-1,-1
IMG090506104838.jpg,0,0
IMG090506104843.jpg,0,0
IMG090506111437.jpg,0,0
IMG090506111520.jpg,-1,-1
IMG090506111548.jpg,-1,-1
IMG090506111724.jpg,-1,-1
IMG090506111755.jpg,0,0
IMG090506111758.jpg,0,0
IMG090506111802.jpg,0,0
IMG090506111804.jpg,0,0
IMG090506111837.jpg,-1,-1
IMG090506111951.jpg,-1,-1
IMG090506112445.jpg,-1,-1
IMG090506112447.jpg,-1,-1
IMG090506112744.jpg,-1,-1
IMG090506113050.jpg,-1,-1
IMG090506113133.jpg,-1,-1
IMG090506113242.jpg,-1,-1
IMG090506113521.jpg,-1,-1
IMG090506113638.jpg,-1,-1
IMG090506113754.jpg,-1,-1
IMG090506200610.jpg,0,0
IMG090506204405.jpg,-1,-1
IMG090506205204.jpg,-1,-1
IMG090506212651.jpg,-1,-1
IMG090506212654.jpg,-1,-1
IMG090506212903.jpg,-1,-1
IMG090506212907.jpg,-1,-1
IMG090506212910.jpg,-1,-1
IMG090506212935.jpg,-1,-1
IMG090506212939.jpg,-1,-1
IMG090506212943.jpg,-1,-1
IMG090506213025.jpg,-1,-1
IMG090506213029.jpg,-1,-1
IMG090506213032.jpg,-1,-1
IMG090506235205.jpg,-1,-1
IMG090519081420.jpg,-1,-1
IMG090519081424.jpg,-1,-1
IMG090519081429.jpg,-1,-1
IMG090519081908.jpg,-1,-1
IMG090519083653.jpg,423,529
IMG090519084036.jpg,0,0
IMG090519084631.jpg,0,0
IMG090519085831.jpg,0,0
IMG090519085924.jpg,0,0
IMG090519101834.jpg,0,0
IMG090519102011.jpg,0,0
IMG090519102204.jpg,0,0
IMG090519102250.jpg,0,0
IMG090519102323.jpg,0,0
IMG090519102826.jpg,0,0
IMG090519104316.jpg,0,0
IMG090519104416.jpg,-1,-1
IMG090519105103.jpg,0,0
IMG090519105224.jpg,-1,-1
IMG090519105342.jpg,0,0
IMG090519105813.jpg,0,0
IMG090519110206.jpg,0,0
IMG090519114123.jpg,0,0
IMG090519114834.jpg,0,0
IMG090519115209.jpg,0,0
IMG090519120025.jpg,0,0
IMG090519124910.jpg,-1,-1
IMG090519130148.jpg,0,0
IMG090519130540.jpg,0,0
IMG090519130752.jpg,0,0
IMG090519130824.jpg,0,0
IMG090519131516.jpg,0,0
IMG090519132507.jpg,0,0
IMG090519133207.jpg,0,0
IMG090519133439.jpg,0,0
IMG090519134552.jpg,0,0
IMG090519134636.jpg,0,0
IMG090519135358.jpg,-1,-1
IMG090519144925.jpg,0,0
IMG090606193342.jpg,0,0
IMG090606194815.jpg,0,0
IMG090606194819.jpg,0,0
IMG090606194858.jpg,-1,-1
IMG090606195104.jpg,0,0
IMG090606195108.jpg,0,0
IMG090606202828.jpg,0,0
IMG090606202914.jpg,-1,-1
IMG090606203318.jpg,0,0
IMG090606211009.jpg,-1,-1
IMG090606211329.jpg,0,0
IMG090606211332.jpg,0,0
IMG090606211334.jpg,0,0
IMG090606211901.jpg,-1,-1
IMG090606212018.jpg,-1,-1
IMG090606212215.jpg,0,0
IMG090606232152.jpg,-1,-1
IMG090706151148.jpg,0,0
IMG090719093112.jpg,0,0
IMG090719094603.jpg,0,0
IMG090719123329.jpg,0,0
IMG090719123643.jpg,0,0
IMG090719123717.jpg,0,0
IMG090719124125.jpg,0,0
IMG090719124448.jpg,0,0
IMG090719125510.jpg,-1,-1
IMG090719125802.jpg,0,0
IMG090719131214.jpg,0,0
IMG090719131454.jpg,0,0
IMG090719134106.jpg,-1,-1
IMG090719134651.jpg,-1,-1
IMG090719141149.jpg,0,0
IMG090719141407.jpg,0,0
IMG090719141452.jpg,0,0
IMG090719141856.jpg,0,0
IMG090719142043.jpg,0,0
IMG090719142224.jpg,0,0
IMG090719142331.jpg,-1,-1
IMG090719142603.jpg,0,0
IMG090719142957.jpg,0,0
