IMG020406042339.jpg,502,594
IMG020406042419.jpg,536,746
IMG020406042421.jpg,511,728
IMG020406042611.jpg,569,713
IMG020406042614.jpg,324,517
IMG020406042718.jpg,508,620
IMG020406042720.jpg,499,591
IMG020406050650.jpg,538,765
IMG020406050652.jpg,521,717
IMG020406050747.jpg,527,625
IMG020406050750.jpg,533,626
IMG020406050753.jpg,516,583
IMG020406050844.jpg,571,703
IMG020406050846.jpg,557,677
IMG020406051002.jpg,552,789
IMG020406051005.jpg,500,711
IMG020406051132.jpg,543,831
IMG020406051135.jpg,323,622
IMG020406051301.jpg,520,725
IMG020406051304.jpg,517,716
IMG020406051306.jpg,515,688
IMG020406053136.jpg,540,737
IMG020406053138.jpg,543,691
IMG020406053334.jpg,587,559
IMG020406053336.jpg,565,517
IMG020406053606.jpg,541,590
IMG020406053609.jpg,532,546
IMG020406053656.jpg,544,647
IMG020406053658.jpg,538,617
IMG020406053920.jpg,574,524
IMG020406053922.jpg,555,470
IMG020406054131.jpg,592,741
IMG020406054133.jpg,360,626
IMG020406054256.jpg,528,556
IMG020406054259.jpg,313,455
IMG020406054822.jpg,539,677
IMG020406054825.jpg,482,621
IMG020406055104.jpg,476,659
IMG020406055421.jpg,549,741
IMG020406055423.jpg,417,469
IMG020406055820.jpg,546,663
IMG020406055823.jpg,567,630
IMG020406060038.jpg,553,521
IMG020406060041.jpg,513,515
IMG020406060141.jpg,578,726
IMG020406070255.jpg,507,650
IMG020406070257.jpg,434,572
IMG020406070300.jpg,498,644
IMG020406070302.jpg,445,577
IMG020406070407.jpg,745,692
IMG020406070410.jpg,708,655
IMG020406070504.jpg,504,608
IMG020406070506.jpg,465,545
IMG020406070535.jpg,571,631
IMG020406070538.jpg,643,435
IMG020406070633.jpg,527,542
IMG020406070635.jpg,377,466
IMG020406070808.jpg,764,637
IMG020406070811.jpg,626,546
IMG020406070845.jpg,507,594
IMG020406070847.jpg,318,480
IMG020406071036.jpg,490,727
IMG020406071039.jpg,243,527
IMG020406071327.jpg,765,758
IMG020406071330.jpg,717,634
IMG020406071337.jpg,780,612
IMG020406071340.jpg,670,472
IMG020406071627.jpg,724,721
IMG020406071630.jpg,738,671
IMG020406071730.jpg,729,728
IMG020406071732.jpg,745,668
IMG020406071806.jpg,597,488
IMG020406071807.jpg,520,750
IMG020406071809.jpg,541,435
IMG020406071810.jpg,517,743
IMG020406071813.jpg,508,724
IMG020406071814.jpg,518,744
IMG020406071816.jpg,507,733
IMG020406071916.jpg,607,830
IMG020406071919.jpg,365,702
IMG020406071949.jpg,777,751
IMG020406071954.jpg,773,746
IMG020406071956.jpg,678,677
IMG020406072034.jpg,581,822
IMG020406072037.jpg,324,636
IMG020406072044.jpg,775,748
IMG020406072047.jpg,680,682
IMG020406072158.jpg,761,736
IMG020406072200.jpg,733,687
IMG020406072205.jpg,550,684
IMG020406072207.jpg,524,657
IMG020406072218.jpg,544,594
IMG020406072220.jpg,757,722
IMG020406072223.jpg,608,637
IMG020406072226.jpg,749,716
IMG020406072229.jpg,607,633
IMG020406072231.jpg,750,722
IMG020406072234.jpg,607,636
IMG020406072304.jpg,538,671
IMG020406072306.jpg,507,669
IMG020406072323.jpg,749,692
IMG020406072325.jpg,685,658
IMG020406072343.jpg,741,725
IMG020406072344.jpg,518,694
IMG020406072346.jpg,589,648
IMG020406072348.jpg,740,726
IMG020406072349.jpg,512,683
IMG020406072351.jpg,593,644
IMG020406072426.jpg,537,674
IMG020406072430.jpg,535,669
IMG020406072432.jpg,509,669
IMG020406072433.jpg,536,668
IMG020406072435.jpg,513,677
IMG020406072445.jpg,741,726
IMG020406072448.jpg,595,646
IMG020406072450.jpg,739,728
IMG020406072453.jpg,593,644
IMG020406072456.jpg,735,727
IMG020406072459.jpg,597,646
IMG020406072519.jpg,782,808
IMG020406072521.jpg,760,774
IMG020406072539.jpg,515,659
IMG020406072543.jpg,494,647
IMG020406072545.jpg,420,585
IMG020406072607.jpg,557,743
IMG020406072609.jpg,466,653
IMG020406072635.jpg,736,664
IMG020406072637.jpg,659,591
IMG020406072700.jpg,520,694
IMG020406072703.jpg,370,446
IMG020406072737.jpg,720,692
IMG020406072740.jpg,673,617
IMG020406072749.jpg,589,754
IMG020406072751.jpg,444,625
IMG020406072805.jpg,741,555
IMG020406072808.jpg,621,367
IMG020406072841.jpg,525,606
IMG020406072844.jpg,454,573
IMG020406072910.jpg,552,543
IMG020406072913.jpg,549,496
IMG020406072933.jpg,740,670
IMG020406072936.jpg,697,629
IMG020406073011.jpg,525,629
IMG020406073013.jpg,505,584
IMG020406073107.jpg,566,707
IMG020406073109.jpg,561,689
IMG020406073205.jpg,535,599
IMG020406073207.jpg,487,563
IMG020406073211.jpg,718,607
IMG020406073213.jpg,609,505
IMG020406073407.jpg,563,717
IMG020406073410.jpg,258,565
IMG020406073533.jpg,499,662
IMG020406073536.jpg,381,487
IMG020406073625.jpg,533,686
IMG020406073627.jpg,482,619
IMG020406073649.jpg,533,752
IMG020406073651.jpg,519,731
IMG020406073709.jpg,516,662
IMG020406073713.jpg,507,651
IMG020406073715.jpg,468,563
IMG020406073741.jpg,500,699
IMG020406073743.jpg,469,673
IMG020406073757.jpg,529,658
IMG020406073759.jpg,465,571
IMG020406073838.jpg,523,741
IMG020406073840.jpg,486,697
IMG020406073848.jpg,527,572
IMG020406073851.jpg,520,568
IMG020406073853.jpg,464,506
IMG020406073955.jpg,492,649
IMG020406073957.jpg,406,584
IMG020406074106.jpg,432,633
IMG020406074109.jpg,63,472
IMG020406074218.jpg,511,628
IMG020406074221.jpg,262,411
IMG020406074604.jpg,757,703
IMG020406074606.jpg,670,585
IMG020406074608.jpg,757,699
IMG020406074611.jpg,678,584
IMG020406074613.jpg,752,694
IMG020406074616.jpg,672,588
IMG020406074657.jpg,620,497
IMG020406074701.jpg,625,491
IMG020406074704.jpg,606,417
IMG020406074757.jpg,622,503
IMG020406074801.jpg,623,495
IMG020406074805.jpg,620,486
IMG020406074808.jpg,607,417
IMG020406074915.jpg,760,690
IMG020406074917.jpg,678,566
IMG020406074920.jpg,756,690
IMG020406074923.jpg,683,574
IMG020406075044.jpg,758,687
IMG020406075046.jpg,670,565
IMG020406075049.jpg,758,684
IMG020406075053.jpg,763,677
IMG020406075056.jpg,683,572
IMG020406075216.jpg,756,671
IMG020406075218.jpg,674,554
IMG020406075246.jpg,619,530
IMG020406075249.jpg,630,437
IMG020406080014.jpg,563,718
IMG020406080017.jpg,607,521
IMG020406080212.jpg,543,572
IMG020406080214.jpg,536,502
IMG020406080350.jpg,546,597
IMG020406080353.jpg,543,486
IMG020406080504.jpg,521,685
IMG020406080506.jpg,392,604
IMG020406080544.jpg,499,669
IMG020406080547.jpg,701,377
IMG020406080702.jpg,518,700
IMG020406080705.jpg,374,623
IMG020406080932.jpg,664,450
IMG020406080934.jpg,637,390
IMG020406081041.jpg,771,584
IMG020406081043.jpg,722,468
IMG020406081057.jpg,534,643
IMG020406081101.jpg,535,635
IMG020406081104.jpg,410,467
IMG020406081112.jpg,200,200
IMG020406081116.jpg,200,200
IMG020406081120.jpg,200,200
IMG020406081157.jpg,711,694
IMG020406081200.jpg,617,618
IMG020406081234.jpg,510,663
IMG020406081237.jpg,492,635
IMG020406081353.jpg,536,583
IMG020406081355.jpg,516,568
IMG020406081400.jpg,782,716
IMG020406081403.jpg,729,652
IMG020406081451.jpg,773,719
IMG020406081453.jpg,734,655
IMG020406081454.jpg,554,588
IMG020406081457.jpg,555,573
IMG020406081501.jpg,549,571
IMG020406081503.jpg,534,555
IMG020406081547.jpg,535,618
IMG020406081550.jpg,527,514
IMG020406081552.jpg,520,679
IMG020406081624.jpg,739,683
IMG020406081627.jpg,691,607
IMG020406081636.jpg,516,590
IMG020406081639.jpg,509,589
IMG020406081642.jpg,509,581
IMG020406081644.jpg,488,569
IMG020406081718.jpg,573,700
IMG020406081721.jpg,558,577
IMG020406081726.jpg,551,665
IMG020406081729.jpg,546,659
IMG020406081731.jpg,519,635
IMG020406081848.jpg,740,689
IMG020406081851.jpg,664,613
IMG020406081949.jpg,519,615
IMG020406081952.jpg,534,542
IMG020406082055.jpg,775,762
IMG020406082058.jpg,719,601
IMG020406082151.jpg,542,712
IMG020406082153.jpg,514,619
IMG020406082408.jpg,551,663
IMG020406082411.jpg,651,445
IMG020406082627.jpg,587,709
IMG020406082630.jpg,616,685
IMG020406082728.jpg,559,666
IMG020406082730.jpg,530,622
IMG020406082813.jpg,557,681
IMG020406082815.jpg,410,623
IMG020406083005.jpg,538,534
IMG020406083010.jpg,536,520
IMG020406083014.jpg,533,511
IMG020406083016.jpg,448,326
IMG020406083055.jpg,736,710
IMG020406083058.jpg,654,602
IMG020406083121.jpg,509,598
IMG020406083123.jpg,462,574
IMG020406083235.jpg,534,671
IMG020406083237.jpg,497,635
IMG020406083252.jpg,778,754
IMG020406083255.jpg,705,705
IMG020406083324.jpg,517,729
IMG020406083326.jpg,478,685
IMG020406083328.jpg,514,715
IMG020406083330.jpg,479,695
IMG020406083456.jpg,735,664
IMG020406083459.jpg,646,590
IMG020406083528.jpg,556,572
IMG020406083530.jpg,560,488
IMG020406083533.jpg,558,568
IMG020406083536.jpg,561,491
IMG020406083539.jpg,565,562
IMG020406083541.jpg,572,497
IMG020406083739.jpg,711,642
IMG020406083742.jpg,683,593
IMG020406083810.jpg,583,653
IMG020406083812.jpg,575,555
IMG020406083937.jpg,786,776
IMG020406083940.jpg,862,726
IMG020406084025.jpg,512,616
IMG020406084027.jpg,510,529
IMG020406084225.jpg,747,646
IMG020406084228.jpg,629,446
IMG020406084325.jpg,579,605
IMG020406084328.jpg,590,519
IMG020406084615.jpg,524,650
IMG020406084618.jpg,609,425
IMG020406084728.jpg,859,682
IMG020406084733.jpg,859,679
IMG020406084735.jpg,827,592
IMG020406084854.jpg,560,759
IMG020406084857.jpg,554,688
IMG020406085125.jpg,723,684
IMG020406085127.jpg,611,583
IMG020406085258.jpg,722,557
IMG020406085300.jpg,687,457
IMG020406085551.jpg,710,647
IMG020406085553.jpg,625,566
IMG020406090142.jpg,502,708
IMG020406090144.jpg,474,704
IMG020406090325.jpg,512,738
IMG020406090327.jpg,465,684
IMG020406090426.jpg,506,539
IMG020406090428.jpg,367,513
IMG020406090708.jpg,483,675
IMG020406090710.jpg,465,618
IMG020406090752.jpg,456,739
IMG020406090754.jpg,441,553
IMG020406091400.jpg,725,656
IMG020406091403.jpg,639,600
IMG020406091603.jpg,616,681
IMG020406091605.jpg,615,599
IMG020406091716.jpg,766,647
IMG020406091719.jpg,714,516
IMG020406091815.jpg,576,521
IMG020406091817.jpg,597,444
IMG020406091820.jpg,571,508
IMG020406091823.jpg,589,442
IMG020406092017.jpg,851,164
IMG020406092020.jpg,839,55
IMG020406092022.jpg,854,152
IMG020406092024.jpg,845,68
IMG020406092026.jpg,854,144
IMG020406092029.jpg,849,61
IMG020406092139.jpg,760,704
IMG020406092142.jpg,694,628
IMG020406092214.jpg,552,715
IMG020406092217.jpg,541,609
IMG020406092250.jpg,749,701
IMG020406092252.jpg,707,632
IMG020406092413.jpg,546,659
IMG020406092416.jpg,523,577
IMG020406092456.jpg,777,677
IMG020406092458.jpg,705,561
IMG020406092623.jpg,574,721
IMG020406092625.jpg,538,690
IMG020406093030.jpg,522,526
IMG020406093032.jpg,499,498
IMG020406093711.jpg,706,717
IMG020406093714.jpg,640,634
IMG020406093716.jpg,700,715
IMG020406093719.jpg,644,638
IMG020406093721.jpg,711,718
IMG020406093724.jpg,639,639
IMG020406093856.jpg,577,511
IMG020406093901.jpg,571,509
IMG020406093904.jpg,539,429
IMG020406094043.jpg,539,588
IMG020406094046.jpg,608,393
IMG020406094151.jpg,713,593
IMG020406094154.jpg,671,536
IMG020406094944.jpg,526,667
IMG020406094946.jpg,501,642
IMG020406095039.jpg,500,667
IMG020406095041.jpg,451,652
IMG020406095136.jpg,478,732
IMG020406095256.jpg,486,570
IMG020406095300.jpg,486,566
IMG020406095303.jpg,407,592
IMG020406125732.jpg,666,461
IMG020406125735.jpg,476,293
IMG020406130028.jpg,546,777
IMG020406130031.jpg,246,971
IMG020406130033.jpg,539,784
IMG020406130035.jpg,286,1003
IMG020406130037.jpg,533,785
IMG020406130040.jpg,301,994
IMG020406130118.jpg,550,627
IMG020406130120.jpg,284,850
IMG020406130304.jpg,586,585
IMG020406130306.jpg,320,805
IMG020406130420.jpg,718,568
IMG020406130423.jpg,581,404
IMG020406130457.jpg,619,531
IMG020406130459.jpg,347,727
IMG020406130531.jpg,723,636
IMG020406130533.jpg,585,477
IMG020406130716.jpg,715,553
IMG020406130719.jpg,469,436
IMG020406130749.jpg,636,502
IMG020406130752.jpg,365,727
IMG020406130840.jpg,655,485
IMG020406130843.jpg,411,381
IMG020406130950.jpg,700,372
IMG020406130953.jpg,436,571
IMG020406131125.jpg,681,760
IMG020406131128.jpg,370,1017
IMG020406131130.jpg,669,766
IMG020406131132.jpg,425,1006
IMG020406131134.jpg,669,773
IMG020406131137.jpg,436,997
IMG020406131206.jpg,666,513
IMG020406131208.jpg,515,327
IMG020406131316.jpg,641,371
IMG020406131319.jpg,375,573
IMG020406131348.jpg,706,537
IMG020406131351.jpg,516,402
IMG020406131450.jpg,636,538
IMG020406131453.jpg,376,741
IMG020406131528.jpg,676,550
IMG020406131531.jpg,557,422
IMG020406131602.jpg,618,549
IMG020406131604.jpg,354,744
IMG020406131636.jpg,680,549
IMG020406131639.jpg,539,426
IMG020406131820.jpg,656,482
IMG020406131823.jpg,464,347
IMG020406131900.jpg,636,305
IMG020406131903.jpg,345,581
IMG020406131932.jpg,650,443
IMG020406131934.jpg,441,301
IMG020406132033.jpg,649,300
IMG020406132036.jpg,366,567
IMG020406132105.jpg,694,559
IMG020406132108.jpg,551,418
IMG020406132337.jpg,586,494
IMG020406132340.jpg,247,781
IMG020406132408.jpg,667,528
IMG020406132411.jpg,518,372
IMG020406132557.jpg,650,309
IMG020406132600.jpg,397,493
IMG020406132629.jpg,625,390
IMG020406132631.jpg,475,257
IMG020406132634.jpg,621,391
IMG020406132637.jpg,483,262
IMG020406132721.jpg,631,479
IMG020406132723.jpg,451,632
IMG020406132754.jpg,717,605
IMG020406132756.jpg,558,457
IMG020406133302.jpg,632,419
IMG020406133304.jpg,458,579
IMG020406133346.jpg,719,567
IMG020406133348.jpg,574,438
IMG020406133441.jpg,690,192
IMG020406133444.jpg,498,365
IMG020406133521.jpg,744,657
IMG020406133523.jpg,623,568
IMG020406133624.jpg,652,438
IMG020406133626.jpg,360,601
IMG020406133659.jpg,731,798
IMG020406133702.jpg,576,676
IMG020406133755.jpg,632,530
IMG020406133757.jpg,439,697
IMG020406133827.jpg,752,764
IMG020406133829.jpg,630,589
IMG020406133927.jpg,673,554
IMG020406133930.jpg,412,734
IMG020406134001.jpg,727,281
IMG020406134003.jpg,549,145
IMG020406134005.jpg,714,288
IMG020406134008.jpg,562,157
IMG020406134149.jpg,673,255
IMG020406134152.jpg,496,395
IMG020406134222.jpg,705,568
IMG020406134224.jpg,558,427
IMG020406134314.jpg,702,803
IMG020406134317.jpg,445,1007
IMG020406134319.jpg,694,805
IMG020406134321.jpg,455,1001
IMG020406134323.jpg,685,815
IMG020406134326.jpg,462,995
IMG020406134425.jpg,664,682
IMG020406134428.jpg,374,968
IMG020406134456.jpg,200,200
IMG020406134501.jpg,200,200
IMG020406134505.jpg,300,200
IMG020406134652.jpg,624,625
IMG020406134655.jpg,279,806
IMG020406134657.jpg,606,637
IMG020406134700.jpg,330,815
IMG020406134729.jpg,681,557
IMG020406134731.jpg,519,439
IMG020406134828.jpg,667,509
IMG020406134830.jpg,565,417
IMG020406134929.jpg,575,608
IMG020406134931.jpg,240,809
IMG020406135001.jpg,684,528
IMG020406135003.jpg,616,412
IMG020406135145.jpg,680,446
IMG020406135148.jpg,580,302
IMG020406135316.jpg,758,547
IMG020406135318.jpg,551,394
IMG020406135736.jpg,684,419
IMG020406135739.jpg,404,578
IMG020406135845.jpg,786,690
IMG020406135847.jpg,577,496
IMG020406135954.jpg,674,468
IMG020406135957.jpg,505,387
IMG020406140212.jpg,692,477
IMG020406140214.jpg,571,407
IMG020406140355.jpg,666,778
IMG020406140357.jpg,361,1004
IMG020406140359.jpg,660,782
IMG020406140402.jpg,366,990
IMG020406140404.jpg,660,790
IMG020406140407.jpg,371,987
IMG020406140446.jpg,700,640
IMG020406140449.jpg,391,856
IMG020406141109.jpg,723,708
IMG020406141111.jpg,590,610
IMG020406141200.jpg,667,515
IMG020406141202.jpg,516,425
IMG020406141458.jpg,691,554
IMG020406141500.jpg,546,450
IMG020406141600.jpg,684,555
IMG020406141603.jpg,567,418
IMG020406141807.jpg,722,531
IMG020406141810.jpg,570,396
IMG020406141949.jpg,741,602
IMG020406141951.jpg,595,478
IMG020406142207.jpg,751,613
IMG020406142209.jpg,619,499
IMG020406142339.jpg,750,612
IMG020406142342.jpg,613,485
IMG020406142636.jpg,779,730
IMG020406142639.jpg,601,692
IMG020406142748.jpg,732,671
IMG020406142751.jpg,616,541
IMG020406142847.jpg,698,586
IMG020406142849.jpg,532,462
IMG020406143036.jpg,696,554
IMG020406143038.jpg,623,473
IMG020406143211.jpg,741,429
IMG020406143214.jpg,622,270
IMG020406143313.jpg,720,557
IMG020406143315.jpg,520,425
IMG020406143346.jpg,644,612
IMG020406143348.jpg,411,875
IMG020406145024.jpg,735,503
IMG020406145026.jpg,593,422
IMG020406145128.jpg,698,516
IMG020406145131.jpg,544,499
IMG020406145238.jpg,705,542
IMG020406145241.jpg,537,469
IMG020406145341.jpg,715,587
IMG020406145344.jpg,583,563
IMG020406145444.jpg,707,522
IMG020406145446.jpg,515,475
IMG020406145545.jpg,705,448
IMG020406145548.jpg,546,305
IMG020406145653.jpg,562,863
IMG020406145656.jpg,200,200
IMG020406145658.jpg,553,876
IMG020406145701.jpg,500,200
IMG020406145703.jpg,550,879
IMG020406145705.jpg,400,200
IMG020406145908.jpg,656,532
IMG020406145910.jpg,506,508
IMG020406150016.jpg,675,535
IMG020406150019.jpg,498,472
IMG020406150126.jpg,634,459
IMG020406150129.jpg,494,421
IMG020406150218.jpg,597,666
IMG020406150220.jpg,261,905
IMG020406150222.jpg,589,673
IMG020406150225.jpg,314,901
IMG020406150254.jpg,677,534
IMG020406150257.jpg,513,487
IMG020406150346.jpg,685,520
IMG020406150350.jpg,677,528
IMG020406150352.jpg,482,772
IMG020406150421.jpg,720,500
IMG020406150424.jpg,443,219
IMG020406150426.jpg,714,493
IMG020406150429.jpg,461,217
IMG020406150508.jpg,618,540
IMG020406150510.jpg,303,800
IMG020406150539.jpg,700,428
IMG020406150542.jpg,435,406
IMG020406150625.jpg,645,576
IMG020406150627.jpg,438,817
IMG020406150728.jpg,728,674
IMG020406150730.jpg,665,607
IMG020406150732.jpg,719,670
IMG020406150734.jpg,663,615
IMG020406150738.jpg,636,693
IMG020406150743.jpg,628,706
IMG020406150745.jpg,618,484
IMG020406150747.jpg,638,708
IMG020406150750.jpg,364,940
IMG020406150828.jpg,584,804
IMG020406150831.jpg,562,603
IMG020406150900.jpg,686,517
IMG020406150903.jpg,500,472
IMG020406151126.jpg,631,784
IMG020406151129.jpg,267,983
IMG020406151131.jpg,619,790
IMG020406151134.jpg,285,976
IMG020406151136.jpg,609,796
IMG020406151138.jpg,288,975
IMG020406151202.jpg,675,500
IMG020406151205.jpg,486,409
IMG020406151233.jpg,722,479
IMG020406151236.jpg,381,665
IMG020406151239.jpg,717,490
IMG020406151242.jpg,381,657
IMG020406151313.jpg,683,532
IMG020406151315.jpg,539,521
IMG020406151339.jpg,704,561
IMG020406151341.jpg,655,502
IMG020406151409.jpg,644,680
IMG020406151412.jpg,422,871
IMG020406151436.jpg,699,629
IMG020406151438.jpg,620,565
IMG020406151443.jpg,697,566
IMG020406151445.jpg,524,501
IMG020406151526.jpg,742,667
IMG020406151529.jpg,674,617
IMG020406151545.jpg,699,619
IMG020406151548.jpg,570,537
IMG020406151632.jpg,710,433
IMG020406151635.jpg,399,93
IMG020406151638.jpg,713,425
IMG020406151641.jpg,404,96
IMG020406151643.jpg,708,425
IMG020406151646.jpg,407,99
IMG020406151653.jpg,676,443
IMG020406151655.jpg,478,349
IMG020406151724.jpg,702,581
IMG020406151728.jpg,382,235
IMG020406151814.jpg,590,576
IMG020406151816.jpg,556,677
IMG020406151902.jpg,694,441
IMG020406151904.jpg,530,360
IMG020406151908.jpg,678,605
IMG020406151912.jpg,362,528
IMG020406151935.jpg,566,675
IMG020406151938.jpg,290,921
IMG020406151940.jpg,565,676
IMG020406151943.jpg,343,907
IMG020406151945.jpg,559,682
IMG020406151947.jpg,349,899
IMG020406152007.jpg,642,752
IMG020406152009.jpg,576,836
IMG020406152019.jpg,717,520
IMG020406152022.jpg,575,441
IMG020406152057.jpg,647,553
IMG020406152100.jpg,372,827
IMG020406152154.jpg,701,570
IMG020406152157.jpg,527,490
IMG020406152306.jpg,753,739
IMG020406152308.jpg,710,695
IMG020406152309.jpg,870,218
IMG020406152312.jpg,699,209
IMG020406152340.jpg,628,616
IMG020406152343.jpg,379,741
IMG020406152355.jpg,738,583
IMG020406152358.jpg,670,516
IMG020406152444.jpg,680,598
IMG020406152447.jpg,625,316
IMG020406152506.jpg,707,564
IMG020406152508.jpg,566,485
IMG020406152602.jpg,676,537
IMG020406152604.jpg,546,439
IMG020406152609.jpg,731,609
IMG020406152612.jpg,481,390
IMG020406152714.jpg,725,455
IMG020406152717.jpg,553,346
IMG020406152820.jpg,806,706
IMG020406152822.jpg,699,606
IMG020406152824.jpg,807,704
IMG020406152827.jpg,709,609
IMG020406152842.jpg,654,543
IMG020406152846.jpg,654,545
IMG020406152946.jpg,748,522
IMG020406160111.jpg,718,669
IMG020406160143.jpg,692,460
IMG020406160146.jpg,523,354
IMG020406160158.jpg,684,554
IMG020406160201.jpg,620,493
IMG020406160234.jpg,694,424
IMG020406160237.jpg,398,708
IMG020406160252.jpg,613,667
IMG020406160254.jpg,558,782
IMG020406160305.jpg,696,483
IMG020406160308.jpg,605,374
IMG020406160315.jpg,734,630
IMG020406160318.jpg,400,200
IMG020406160321.jpg,730,625
IMG020406160324.jpg,200,200
IMG020406160326.jpg,726,625
IMG020406160329.jpg,200,200
IMG020406160400.jpg,626,657
IMG020406160402.jpg,577,759
IMG020406160411.jpg,673,697
IMG020406160413.jpg,394,900
IMG020406160415.jpg,667,704
IMG020406160418.jpg,399,897
IMG020406160420.jpg,665,706
IMG020406160423.jpg,414,892
IMG020406160446.jpg,651,379
IMG020406160448.jpg,470,308
IMG020406160453.jpg,716,595
IMG020406160455.jpg,627,539
IMG020406160516.jpg,655,524
IMG020406160517.jpg,792,622
IMG020406160518.jpg,604,638
IMG020406160520.jpg,654,535
IMG020406160521.jpg,786,635
IMG020406160522.jpg,598,636
IMG020406160524.jpg,531,815
IMG020406160544.jpg,774,687
IMG020406160546.jpg,711,625
IMG020406160555.jpg,658,485
IMG020406160557.jpg,594,387
IMG020406160622.jpg,700,576
IMG020406160624.jpg,660,684
IMG020406160637.jpg,678,500
IMG020406160639.jpg,408,749
IMG020406160646.jpg,736,662
IMG020406160649.jpg,448,493
IMG020406160822.jpg,640,541
IMG020406160826.jpg,492,972
IMG020406160828.jpg,637,552
IMG020406160831.jpg,483,964
IMG020406160834.jpg,637,554
IMG020406160837.jpg,487,958
IMG020406160901.jpg,671,561
IMG020406160905.jpg,569,385
IMG020406160951.jpg,624,528
IMG020406160954.jpg,468,953
IMG020406160957.jpg,620,529
IMG020406161000.jpg,469,945
IMG020406161003.jpg,988,1004
IMG020406161107.jpg,711,516
IMG020406161111.jpg,458,237
IMG020406161212.jpg,678,476
IMG020406161215.jpg,575,378
IMG020406161226.jpg,791,740
IMG020406161230.jpg,719,603
IMG020406161245.jpg,774,535
IMG020406161247.jpg,519,782
IMG020406161321.jpg,716,496
IMG020406161323.jpg,530,347
IMG020406161413.jpg,644,715
IMG020406161416.jpg,290,997
IMG020406161418.jpg,634,724
IMG020406161420.jpg,345,970
IMG020406161422.jpg,628,727
IMG020406161425.jpg,349,958
IMG020406161445.jpg,673,524
IMG020406161448.jpg,562,421
IMG020406161517.jpg,740,649
IMG020406161519.jpg,430,909
IMG020406161548.jpg,652,511
IMG020406161551.jpg,527,392
IMG020406161604.jpg,713,641
IMG020406161606.jpg,659,593
IMG020406161658.jpg,742,601
IMG020406161701.jpg,685,531
IMG020406161710.jpg,632,415
IMG020406161713.jpg,452,634
IMG020406161742.jpg,698,638
IMG020406161745.jpg,554,509
IMG020406161823.jpg,624,557
IMG020406161825.jpg,261,694
IMG020406161826.jpg,719,620
IMG020406161829.jpg,625,610
IMG020406161854.jpg,686,550
IMG020406161857.jpg,537,395
IMG020406161915.jpg,785,704
IMG020406161917.jpg,723,625
IMG020406162014.jpg,701,557
IMG020406162017.jpg,474,327
IMG020406162151.jpg,761,672
IMG020406162154.jpg,628,559
IMG020406162600.jpg,716,539
IMG020406162602.jpg,636,470
IMG020406162649.jpg,720,595
IMG020406162651.jpg,518,500
IMG020406162652.jpg,665,548
IMG020406162738.jpg,740,616
IMG020406162740.jpg,566,479
IMG020406162741.jpg,741,634
IMG020406162745.jpg,736,631
IMG020406162747.jpg,672,561
IMG020406162845.jpg,711,586
IMG020406162846.jpg,765,619
IMG020406162848.jpg,662,541
IMG020406162849.jpg,626,496
IMG020406162942.jpg,709,601
IMG020406162945.jpg,398,438
IMG020406163007.jpg,729,549
IMG020406163011.jpg,738,542
IMG020406163014.jpg,600,432
IMG020406163103.jpg,741,652
IMG020406163106.jpg,545,481
IMG020406163109.jpg,590,627
IMG020406163458.jpg,763,668
IMG020406163500.jpg,622,559
IMG020406163624.jpg,759,671
IMG020406163627.jpg,630,575
IMG020406163747.jpg,788,727
IMG020406163750.jpg,665,624
IMG020406163901.jpg,739,652
IMG020406163904.jpg,587,548
IMG020406164006.jpg,736,625
IMG020406164009.jpg,589,581
IMG020406164117.jpg,736,646
IMG020406164120.jpg,597,570
IMG020406164539.jpg,713,616
IMG020406164543.jpg,715,615
IMG020406164545.jpg,539,601
IMG020406164704.jpg,741,642
IMG020406164707.jpg,649,588
IMG020406164709.jpg,752,643
IMG020406164712.jpg,655,595
IMG020406164922.jpg,715,619
IMG020406164924.jpg,683,564
IMG020406165009.jpg,759,623
IMG020406165012.jpg,690,551
IMG020406165013.jpg,747,624
IMG020406165016.jpg,647,517
IMG020406165057.jpg,750,671
IMG020406165059.jpg,695,615
IMG020406165122.jpg,733,601
IMG020406165124.jpg,563,526
IMG020406165143.jpg,736,569
IMG020406165145.jpg,668,482
IMG020406165236.jpg,749,666
IMG020406165239.jpg,608,562
IMG020406165242.jpg,689,614
IMG020406165245.jpg,363,487
IMG020406165352.jpg,715,626
IMG020406165354.jpg,598,527
IMG020406165634.jpg,745,614
IMG020406165637.jpg,592,517
IMG020406165842.jpg,726,633
IMG020406165845.jpg,578,504
IMG020406165847.jpg,698,611
IMG020406165851.jpg,618,490
IMG020406165854.jpg,700,608
IMG020406165857.jpg,617,493
IMG020406170024.jpg,714,612
IMG020406170027.jpg,599,487
IMG020406170149.jpg,769,671
IMG020406170152.jpg,622,617
IMG020406170538.jpg,783,671
IMG020406170541.jpg,626,658
IMG020406170636.jpg,719,587
IMG020406170639.jpg,650,525
IMG020406170724.jpg,725,638
IMG020406170727.jpg,663,585
IMG020406170731.jpg,724,635
IMG020406170733.jpg,625,531
IMG020406170818.jpg,778,758
IMG020406170820.jpg,712,688
IMG020406170901.jpg,744,653
IMG020406170904.jpg,687,583
IMG020406170949.jpg,674,533
IMG020406170951.jpg,763,696
IMG020406170952.jpg,555,185
IMG020406170953.jpg,645,605
IMG020406171147.jpg,711,648
IMG020406171150.jpg,609,472
IMG020406171155.jpg,733,616
IMG020406171157.jpg,564,441
IMG020406171325.jpg,709,637
IMG020406171327.jpg,565,497
IMG020406171856.jpg,786,578
IMG020406171859.jpg,627,463
IMG020406171958.jpg,728,601
IMG020406172001.jpg,569,499
IMG020406172228.jpg,757,684
IMG020406172230.jpg,632,627
IMG020406172233.jpg,760,675
IMG020406172235.jpg,636,631
IMG020406172242.jpg,729,678
IMG020406172244.jpg,677,614
IMG020406172418.jpg,719,613
IMG020406172420.jpg,654,557
IMG020406172508.jpg,721,612
IMG020406172510.jpg,654,540
IMG020406172552.jpg,731,610
IMG020406172554.jpg,670,547
IMG020406172639.jpg,687,627
IMG020406172642.jpg,532,359
IMG020406172755.jpg,725,631
IMG020406172758.jpg,529,418
IMG020406172800.jpg,608,552
IMG020406173054.jpg,697,590
IMG020406173057.jpg,673,557
IMG020406173140.jpg,758,716
IMG020406173143.jpg,726,669
IMG020406173225.jpg,689,556
IMG020406173228.jpg,574,400
IMG020406173330.jpg,713,567
IMG020406173333.jpg,593,414
IMG020406173446.jpg,718,592
IMG020406173448.jpg,676,557
IMG020406173531.jpg,709,574
IMG020406173534.jpg,682,517
IMG020406173810.jpg,732,573
IMG020406173812.jpg,701,520
IMG020406173857.jpg,676,544
IMG020406173859.jpg,643,508
IMG020406173943.jpg,725,614
IMG020406173945.jpg,693,549
IMG020406174026.jpg,680,602
IMG020406174028.jpg,642,557
IMG020406174117.jpg,725,658
IMG020406174120.jpg,568,532
IMG020406174230.jpg,721,615
IMG020406174233.jpg,673,456
IMG020406175135.jpg,718,593
IMG020406175138.jpg,685,550
IMG020406175223.jpg,583,639
IMG020406175226.jpg,548,738
IMG020406175313.jpg,736,654
IMG020406175316.jpg,698,589
IMG020406175336.jpg,592,564
IMG020406175339.jpg,572,679
IMG020406175400.jpg,767,742
IMG020406175402.jpg,733,703
IMG020406175446.jpg,590,518
IMG020406175449.jpg,545,617
IMG020406175510.jpg,721,674
IMG020406175512.jpg,690,615
IMG020406175544.jpg,611,502
IMG020406175547.jpg,584,608
IMG020406175608.jpg,670,502
IMG020406175611.jpg,584,301
IMG020406175653.jpg,604,611
IMG020406175656.jpg,450,965
IMG020406175658.jpg,601,620
IMG020406175701.jpg,457,963
IMG020406175704.jpg,602,622
IMG020406175706.jpg,463,955
IMG020406175725.jpg,817,771
IMG020406175728.jpg,497,499
IMG020406175807.jpg,679,460
IMG020406175810.jpg,529,816
IMG020406175851.jpg,729,642
IMG020406175854.jpg,742,634
IMG020406175937.jpg,643,636
IMG020406175940.jpg,533,844
IMG020406180101.jpg,723,618
IMG020406180103.jpg,680,576
IMG020406180431.jpg,731,680
IMG020406180434.jpg,706,638
IMG020406180436.jpg,734,681
IMG020406180438.jpg,708,639
IMG020406180522.jpg,708,626
IMG020406180525.jpg,715,589
IMG020406181434.jpg,760,689
IMG020406181436.jpg,713,629
IMG020406181520.jpg,720,562
IMG020406181523.jpg,605,360
IMG020406181626.jpg,706,567
IMG020406181629.jpg,545,449
IMG020406181753.jpg,754,727
IMG020406181756.jpg,711,678
IMG020406181851.jpg,729,570
IMG020406181853.jpg,703,504
IMG020406182023.jpg,749,704
IMG020406182025.jpg,701,660
IMG020406182105.jpg,727,628
IMG020406182107.jpg,705,583
IMG020406182153.jpg,686,561
IMG020406182156.jpg,649,352
IMG020406182323.jpg,779,724
IMG020406182326.jpg,678,648
IMG020406194253.jpg,717,655
IMG020406194256.jpg,388,990
IMG020406194258.jpg,608,802
IMG020406194301.jpg,393,981
IMG020406194333.jpg,725,642
IMG020406194335.jpg,709,627
IMG020406194352.jpg,537,637
IMG020406194354.jpg,233,813
IMG020406194426.jpg,794,737
IMG020406194428.jpg,769,693
IMG020406194507.jpg,717,656
IMG020406194510.jpg,720,658
IMG020406194512.jpg,702,643
IMG020406194617.jpg,584,580
IMG020406194619.jpg,295,767
IMG020406194634.jpg,811,706
IMG020406194637.jpg,650,539
IMG020406194738.jpg,645,690
IMG020406194741.jpg,470,891
