IMG020519090701.jpg,701,395,660,411
IMG020519090827.jpg,595,512,554,514
IMG020519090829.jpg,568,498,509,520
IMG020519090852.jpg,729,580,675,567
IMG020519090854.jpg,691,558,631,548
IMG020519090949.jpg,576,436,535,445
IMG020519090952.jpg,496,320,457,309
IMG020519091052.jpg,655,514,625,547
IMG020519091057.jpg,656,510,626,540
IMG020519091059.jpg,719,530,683,545
IMG020519091101.jpg,654,505,625,531
IMG020519091103.jpg,719,527,682,541
IMG020519091132.jpg,593,457,555,475
IMG020519091134.jpg,568,422,533,401
IMG020519091231.jpg,590,505,551,516
IMG020519091233.jpg,563,467,525,484
IMG020519091300.jpg,-1,-1,693,334
IMG020519091328.jpg,534,397,486,392
IMG020519091331.jpg,459,280,422,268
IMG020519091425.jpg,664,419,618,412
IMG020519091427.jpg,626,364,567,349
IMG020519091525.jpg,602,460,554,470
IMG020519091527.jpg,572,444,521,458
IMG020519091606.jpg,648,570,606,561
IMG020519091608.jpg,626,517,584,522
IMG020519091636.jpg,580,433,546,436
IMG020519091638.jpg,562,390,524,407
IMG020519091746.jpg,554,510,517,499
IMG020519091749.jpg,377,274,345,300
IMG020519091751.jpg,553,493,506,484
IMG020519091753.jpg,382,280,354,306
IMG020519091922.jpg,557,418,519,408
IMG020519091924.jpg,437,356,391,367
IMG020519092138.jpg,652,410,615,425
IMG020519092140.jpg,624,372,592,402
IMG020519092156.jpg,570,429,528,410
IMG020519092158.jpg,541,378,482,385
IMG020519092220.jpg,468,743,428,742
IMG020519092223.jpg,606,557,569,542
IMG020519092225.jpg,597,548,551,536
IMG020519092306.jpg,566,486,535,468
IMG020519092308.jpg,546,453,502,434
IMG020519092447.jpg,710,463,672,455
IMG020519092449.jpg,491,178,473,217
IMG020519092451.jpg,705,444,666,440
IMG020519092454.jpg,497,183,449,179
IMG020519092549.jpg,589,443,551,460
IMG020519092551.jpg,490,354,443,342
IMG020519092629.jpg,696,359,656,348
IMG020519092631.jpg,674,346,638,334
IMG020519092746.jpg,567,444,530,441
IMG020519092748.jpg,528,431,476,419
IMG020519092821.jpg,669,416,630,424
IMG020519092824.jpg,666,405,627,417
IMG020519092826.jpg,656,379,611,389
IMG020519092910.jpg,594,517,546,508
IMG020519092912.jpg,572,481,528,490
IMG020519093008.jpg,704,382,670,394
IMG020519093013.jpg,697,367,661,376
IMG020519093017.jpg,698,354,650,359
IMG020519093104.jpg,649,489,613,501
IMG020519093106.jpg,457,212,414,208
IMG020519094044.jpg,621,482,583,488
IMG020519094047.jpg,495,428,451,432
IMG020519094114.jpg,659,410,616,404
IMG020519094118.jpg,656,400,615,390
IMG020519094120.jpg,641,360,599,353
IMG020519094139.jpg,645,497,602,504
IMG020519094142.jpg,616,455,573,465
IMG020519094201.jpg,742,498,686,510
IMG020519094204.jpg,737,488,687,502
IMG020519094206.jpg,721,472,673,480
IMG020519094225.jpg,577,435,529,433
IMG020519094228.jpg,572,429,522,429
IMG020519094230.jpg,542,398,484,391
IMG020519094310.jpg,663,390,617,386
IMG020519094314.jpg,658,377,612,374
IMG020519094317.jpg,412,155,381,169
IMG020519094408.jpg,560,384,528,359
IMG020519094411.jpg,429,314,384,315
IMG020519094606.jpg,593,522,549,529
IMG020519094608.jpg,544,492,501,482
IMG020519094638.jpg,687,506,644,498
IMG020519094642.jpg,685,504,641,496
IMG020519094644.jpg,655,476,611,475
IMG020519094726.jpg,632,640,584,649
IMG020519094728.jpg,617,603,578,623
IMG020519094806.jpg,716,522,675,533
IMG020519094808.jpg,680,492,632,475
IMG020519094914.jpg,579,465,533,465
IMG020519094917.jpg,458,379,411,378
IMG020519095056.jpg,455,762,414,747
IMG020519095058.jpg,426,202,408,229
IMG020519095127.jpg,562,408,519,418
IMG020519095129.jpg,533,365,490,375
IMG020519095322.jpg,682,521,633,504
IMG020519095356.jpg,597,483,551,481
IMG020519095358.jpg,573,442,523,441
IMG020519095537.jpg,582,480,536,462
IMG020519095539.jpg,446,414,399,411
IMG020519095855.jpg,708,294,664,285
IMG020519095857.jpg,673,238,634,247
IMG020519095913.jpg,597,467,554,477
IMG020519095915.jpg,559,448,511,457
IMG020519095949.jpg,682,433,633,421
IMG020519095952.jpg,656,391,615,374
IMG020519100030.jpg,591,530,547,522
IMG020519100032.jpg,559,495,511,506
IMG020519100142.jpg,702,483,670,456
IMG020519100144.jpg,544,403,513,415
IMG020519102157.jpg,579,514,544,495
IMG020519102201.jpg,575,509,536,495
IMG020519102203.jpg,546,494,494,492
IMG020519102224.jpg,707,548,667,565
IMG020519102226.jpg,659,493,614,511
IMG020519102253.jpg,-1,-1,499,450
IMG020519102255.jpg,418,402,370,398
IMG020519102429.jpg,572,446,529,432
IMG020519102431.jpg,538,423,489,419
IMG020519102446.jpg,698,239,656,228
IMG020519102448.jpg,690,227,640,210
IMG020519102506.jpg,573,465,524,470
IMG020519102508.jpg,536,429,495,439
IMG020519102633.jpg,664,599,614,585
IMG020519102636.jpg,398,290,360,300
IMG020519102741.jpg,616,516,578,520
IMG020519102744.jpg,508,439,458,449
IMG020519102955.jpg,592,468,556,491
IMG020519102957.jpg,545,447,501,450
IMG020519103012.jpg,674,461,637,445
IMG020519103014.jpg,658,408,613,401
IMG020519103109.jpg,581,488,533,490
IMG020519103111.jpg,563,451,515,455
IMG020519103143.jpg,899,591,858,587
IMG020519103147.jpg,896,583,852,586
IMG020519103149.jpg,883,589,840,585
IMG020519103257.jpg,560,451,518,434
IMG020519103300.jpg,449,385,406,372
IMG020519103434.jpg,582,459,530,453
IMG020519103436.jpg,555,412,499,425
IMG020519103627.jpg,573,444,527,436
IMG020519103629.jpg,540,407,502,383
IMG020519103725.jpg,661,457,621,467
IMG020519103727.jpg,638,398,595,395
IMG020519103812.jpg,669,480,626,473
IMG020519103814.jpg,633,455,577,438
IMG020519103846.jpg,574,395,536,388
IMG020519103849.jpg,476,304,434,311
IMG020519103956.jpg,662,505,624,489
IMG020519103959.jpg,510,595,468,610
IMG020519104030.jpg,586,459,540,443
IMG020519104032.jpg,545,420,492,416
IMG020519104112.jpg,597,364,546,355
IMG020519104114.jpg,581,324,520,330
IMG020519104117.jpg,595,366,545,359
IMG020519104119.jpg,580,330,524,329
IMG020519104232.jpg,554,433,529,451
IMG020519104237.jpg,557,434,523,447
IMG020519104239.jpg,396,361,356,348
IMG020519104307.jpg,681,496,653,480
IMG020519104309.jpg,545,534,503,526
IMG020519104341.jpg,652,664,604,652
IMG020519104343.jpg,617,637,572,620
IMG020519104421.jpg,571,432,531,438
IMG020519104423.jpg,548,389,511,400
IMG020519104548.jpg,588,461,545,465
IMG020519104550.jpg,468,281,425,294
IMG020519104618.jpg,662,408,619,416
IMG020519104620.jpg,651,358,609,372
IMG020519104759.jpg,676,376,621,365
IMG020519104801.jpg,448,698,376,683
IMG020519104853.jpg,601,494,562,505
IMG020519104855.jpg,569,467,519,461
IMG020519104937.jpg,666,329,606,308
IMG020519104959.jpg,605,617,556,609
IMG020519105001.jpg,592,592,529,613
IMG020519105105.jpg,626,610,591,596
IMG020519105109.jpg,625,604,585,592
IMG020519105112.jpg,557,531,514,517
IMG020519105139.jpg,588,540,549,559
IMG020519105141.jpg,580,501,541,518
IMG020519105213.jpg,569,472,517,471
IMG020519105215.jpg,532,431,493,439
IMG020519105312.jpg,669,478,624,483
IMG020519105315.jpg,461,559,419,558
IMG020519105343.jpg,582,453,536,463
IMG020519105345.jpg,546,413,485,397
IMG020519105430.jpg,673,411,621,421
IMG020519105432.jpg,647,374,582,367
IMG020519105546.jpg,587,495,545,473
IMG020519105548.jpg,560,441,514,450
IMG020519105650.jpg,716,383,673,379
IMG020519105819.jpg,614,445,561,459
IMG020519105821.jpg,579,405,521,396
IMG020519105929.jpg,597,537,551,535
IMG020519105931.jpg,569,508,522,520
IMG020519110037.jpg,585,467,536,464
IMG020519110040.jpg,466,352,422,361
IMG020519110138.jpg,598,514,559,503
IMG020519110140.jpg,571,478,523,455
IMG020519110230.jpg,574,417,533,426
IMG020519110232.jpg,534,386,502,401
IMG020519110350.jpg,589,487,553,469
IMG020519110352.jpg,503,419,467,428
IMG020519110848.jpg,577,452,543,443
IMG020519110850.jpg,559,434,519,413
IMG020519110903.jpg,657,410,606,413
IMG020519110926.jpg,574,442,528,446
IMG020519110928.jpg,536,399,498,398
IMG020519110958.jpg,707,422,661,421
IMG020519111035.jpg,614,545,565,535
IMG020519111037.jpg,573,516,526,508
IMG020519111113.jpg,644,479,597,481
IMG020519111136.jpg,579,414,529,411
IMG020519111139.jpg,577,415,526,413
IMG020519111141.jpg,542,384,499,386
IMG020519111200.jpg,699,526,655,516
IMG020519111404.jpg,736,373,690,373
IMG020519111420.jpg,590,439,526,442
IMG020519111422.jpg,540,403,499,407
IMG020519111442.jpg,710,266,652,271
IMG020519111510.jpg,582,440,532,435
IMG020519111512.jpg,583,430,538,425
IMG020519111531.jpg,664,511,617,512
IMG020519111554.jpg,605,537,550,543
IMG020519111556.jpg,565,501,509,507
IMG020519111611.jpg,704,406,646,412
IMG020519111635.jpg,582,393,533,392
IMG020519111637.jpg,575,383,533,373
IMG020519111703.jpg,655,421,612,425
IMG020519111737.jpg,604,533,550,544
IMG020519111739.jpg,557,503,513,510
IMG020519111756.jpg,695,396,643,404
IMG020519111759.jpg,692,393,638,398
IMG020519111801.jpg,659,376,613,380
IMG020519111835.jpg,627,472,567,477
IMG020519111837.jpg,-1,-1,525,432
IMG020519111850.jpg,663,483,619,487
IMG020519111924.jpg,545,361,502,365
IMG020519111926.jpg,521,337,468,330
IMG020519111947.jpg,693,439,636,444
IMG020519111950.jpg,685,431,633,435
IMG020519111952.jpg,645,401,609,413
IMG020519112049.jpg,660,413,612,413
IMG020519112117.jpg,594,471,544,470
IMG020519112121.jpg,585,469,535,468
IMG020519112122.jpg,539,452,489,460
IMG020519112136.jpg,690,379,638,380
IMG020519112214.jpg,594,563,549,564
IMG020519112216.jpg,561,539,514,533
IMG020519112304.jpg,568,416,512,418
IMG020519112306.jpg,511,382,463,373
IMG020519112319.jpg,711,568,660,565
IMG020519112342.jpg,569,388,512,390
IMG020519112344.jpg,569,376,517,378
IMG020519112403.jpg,680,437,634,434
IMG020519112419.jpg,578,370,523,371
IMG020519112421.jpg,528,352,481,351
IMG020519112457.jpg,570,387,521,387
IMG020519112459.jpg,558,392,512,383
IMG020519112513.jpg,721,449,669,447
IMG020519112543.jpg,586,429,527,429
IMG020519112546.jpg,580,424,517,428
IMG020519112548.jpg,539,412,478,416
IMG020519112604.jpg,689,217,638,215
IMG020519112607.jpg,685,209,634,211
IMG020519112609.jpg,645,194,603,201
IMG020519112624.jpg,587,500,539,496
IMG020519112626.jpg,578,494,533,491
IMG020519112649.jpg,734,552,691,561
IMG020519112712.jpg,567,416,515,410
IMG020519112714.jpg,517,390,459,383
IMG020519112731.jpg,685,328,627,338
IMG020519112749.jpg,564,449,519,449
IMG020519112751.jpg,563,441,517,440
IMG020519112817.jpg,643,330,592,346
IMG020519112847.jpg,592,390,547,388
IMG020519112851.jpg,591,391,540,387
IMG020519112853.jpg,555,373,497,383
IMG020519112907.jpg,704,331,658,320
IMG020519112929.jpg,578,328,513,315
IMG020519112931.jpg,539,313,498,301
IMG020519112953.jpg,699,370,642,368
IMG020519113023.jpg,673,377,627,376
IMG020519113026.jpg,671,372,620,372
IMG020519113028.jpg,639,353,591,359
IMG020519113042.jpg,561,418,511,415
IMG020519113045.jpg,561,414,505,410
IMG020519113047.jpg,527,399,479,400
IMG020519113115.jpg,680,333,621,326
IMG020519113117.jpg,623,295,573,295
IMG020519113137.jpg,544,347,508,358
IMG020519113139.jpg,530,343,487,344
IMG020519113154.jpg,684,334,638,334
IMG020519113229.jpg,660,325,611,325
IMG020519113247.jpg,587,401,531,398
IMG020519113249.jpg,533,368,494,367
IMG020519113306.jpg,633,513,581,521
IMG020519113308.jpg,585,476,547,489
IMG020519113327.jpg,556,354,508,351
IMG020519113329.jpg,552,344,506,347
IMG020519113409.jpg,533,199,483,205
IMG020519113411.jpg,522,184,474,188
IMG020519113427.jpg,643,417,599,428
IMG020519113429.jpg,594,385,568,402
IMG020519113451.jpg,570,364,520,364
IMG020519113453.jpg,529,324,484,325
IMG020519113516.jpg,686,420,635,428
IMG020519113557.jpg,649,541,606,549
IMG020519113647.jpg,696,450,646,456
IMG020519114018.jpg,679,316,623,320
IMG020519114021.jpg,676,311,615,317
IMG020519114023.jpg,639,297,587,293
IMG020519114037.jpg,584,414,526,418
IMG020519114039.jpg,530,377,487,382
IMG020519114057.jpg,688,251,632,247
IMG020519114100.jpg,680,241,624,242
IMG020519114102.jpg,643,224,597,229
IMG020519114117.jpg,705,548,661,543
IMG020519114119.jpg,677,524,641,510
IMG020519114153.jpg,591,364,532,364
IMG020519114155.jpg,537,335,496,332
IMG020519114209.jpg,702,216,657,214
IMG020519114238.jpg,552,345,503,348
IMG020519114241.jpg,546,331,501,326
IMG020519114258.jpg,699,397,646,405
IMG020519114301.jpg,694,391,641,395
IMG020519114303.jpg,657,365,616,373
IMG020519114402.jpg,668,324,620,325
IMG020519114404.jpg,619,294,561,283
IMG020519114418.jpg,623,576,558,585
IMG020519114420.jpg,563,538,517,544
IMG020519114440.jpg,644,409,594,415
IMG020519114501.jpg,578,479,535,484
IMG020519114503.jpg,586,472,539,479
IMG020519114517.jpg,687,386,635,384
IMG020519114539.jpg,579,375,521,376
IMG020519114541.jpg,520,353,478,357
IMG020519114554.jpg,682,362,635,365
IMG020519114617.jpg,587,439,542,438
IMG020519114619.jpg,587,434,543,432
IMG020519114719.jpg,652,333,602,335
IMG020519114735.jpg,567,406,505,412
IMG020519114738.jpg,564,406,498,412
IMG020519114740.jpg,517,381,466,384
IMG020519114755.jpg,695,630,635,643
IMG020519114816.jpg,552,298,507,303
IMG020519114818.jpg,537,289,495,276
IMG020519114833.jpg,689,392,643,397
IMG020519114836.jpg,687,387,638,390
IMG020519114838.jpg,641,364,596,364
IMG020519114853.jpg,575,415,507,422
IMG020519114855.jpg,499,383,455,381
IMG020519114909.jpg,675,414,621,421
IMG020519114932.jpg,557,439,511,448
IMG020519114934.jpg,557,439,518,426
IMG020519115032.jpg,640,697,579,715
IMG020519115034.jpg,598,664,547,682
IMG020519115048.jpg,706,507,654,511
IMG020519115109.jpg,579,420,523,408
IMG020519115111.jpg,572,399,519,388
IMG020519115126.jpg,697,354,643,361
IMG020519115145.jpg,619,448,564,451
IMG020519115148.jpg,612,448,558,451
IMG020519115150.jpg,571,426,525,427
IMG020519115204.jpg,661,568,618,573
IMG020519115227.jpg,564,387,513,377
IMG020519115229.jpg,553,371,506,353
IMG020519115244.jpg,678,380,614,395
IMG020519115328.jpg,588,442,521,452
IMG020519115330.jpg,529,404,478,404
IMG020519115409.jpg,694,522,664,498
IMG020519115426.jpg,540,295,499,300
IMG020519115428.jpg,549,293,506,291
IMG020519115505.jpg,576,394,511,397
IMG020519115507.jpg,511,359,466,367
IMG020519115521.jpg,688,580,637,580
IMG020519115550.jpg,541,279,495,282
IMG020519115552.jpg,546,276,508,262
IMG020519115609.jpg,707,442,658,448
IMG020519115612.jpg,702,438,654,443
IMG020519115614.jpg,659,428,615,439
IMG020519115655.jpg,585,431,525,440
IMG020519115657.jpg,525,403,489,408
IMG020519115710.jpg,675,477,633,481
IMG020519115751.jpg,696,451,643,464
IMG020519115753.jpg,639,430,604,440
IMG020519115807.jpg,585,437,534,434
IMG020519115809.jpg,583,432,533,422
IMG020519115850.jpg,667,311,619,314
IMG020519115910.jpg,580,470,522,473
IMG020519115912.jpg,522,433,478,437
IMG020519115928.jpg,706,468,653,476
IMG020519115947.jpg,553,269,501,259
IMG020519115949.jpg,547,259,505,244
IMG020519120008.jpg,697,521,655,526
IMG020519120054.jpg,669,266,622,265
IMG020519120056.jpg,618,221,582,224
IMG020519120117.jpg,578,383,523,383
IMG020519120119.jpg,524,350,476,342
IMG020519123512.jpg,741,380,689,372
IMG020519123514.jpg,690,352,652,339
IMG020519123534.jpg,572,424,507,422
IMG020519123536.jpg,524,392,460,388
IMG020519123554.jpg,704,514,651,518
IMG020519123556.jpg,652,474,618,477
IMG020519123616.jpg,560,440,513,436
IMG020519123618.jpg,534,419,489,410
IMG020519123638.jpg,665,463,618,465
IMG020519123640.jpg,615,433,572,421
IMG020519123719.jpg,673,782,622,796
IMG020519123721.jpg,619,743,584,761
IMG020519123741.jpg,707,500,653,505
IMG020519123743.jpg,661,455,622,465
IMG020519123800.jpg,589,496,537,491
IMG020519123802.jpg,587,470,545,457
IMG020519123838.jpg,619,530,558,536
IMG020519123840.jpg,569,512,533,520
IMG020519123917.jpg,639,646,589,642
IMG020519123919.jpg,621,642,582,636
IMG020519124417.jpg,659,635,595,632
IMG020519124419.jpg,603,617,557,614
IMG020519124433.jpg,709,383,659,393
IMG020519124435.jpg,662,375,617,368
IMG020519124457.jpg,574,347,527,353
IMG020519124459.jpg,544,332,496,328
IMG020519124520.jpg,723,492,672,498
IMG020519124522.jpg,679,458,633,465
IMG020519124543.jpg,570,410,512,409
IMG020519124546.jpg,564,407,506,406
IMG020519124548.jpg,513,383,465,382
IMG020519124602.jpg,697,375,647,383
IMG020519124604.jpg,644,347,602,340
IMG020519124626.jpg,578,460,523,471
IMG020519124628.jpg,573,456,528,463
IMG020519124645.jpg,686,623,633,632
IMG020519124647.jpg,643,593,600,594
IMG020519124732.jpg,604,486,538,483
IMG020519124734.jpg,562,454,514,443
IMG020519124814.jpg,693,480,656,496
IMG020519124816.jpg,656,454,612,460
IMG020519124833.jpg,611,530,562,527
IMG020519124837.jpg,610,527,560,530
IMG020519124839.jpg,609,521,561,526
IMG020519124852.jpg,678,338,620,338
IMG020519124917.jpg,582,402,526,397
IMG020519124919.jpg,530,373,481,367
IMG020519124936.jpg,688,303,649,312
IMG020519124939.jpg,684,292,644,304
IMG020519124941.jpg,642,277,596,284
IMG020519124957.jpg,590,518,539,536
IMG020519125000.jpg,590,523,537,538
IMG020519125002.jpg,575,515,533,530
IMG020519125018.jpg,703,440,645,445
IMG020519125020.jpg,658,405,618,418
IMG020519125133.jpg,697,243,653,252
IMG020519125136.jpg,693,238,646,250
IMG020519125138.jpg,652,223,609,226
IMG020519125152.jpg,616,604,558,610
IMG020519125154.jpg,565,574,520,583
IMG020519125211.jpg,677,385,624,387
IMG020519125213.jpg,629,354,587,361
IMG020519125233.jpg,611,526,547,543
IMG020519125235.jpg,613,521,555,545
IMG020519125254.jpg,689,286,648,290
IMG020519125256.jpg,645,265,603,269
IMG020519125313.jpg,583,393,507,386
IMG020519125316.jpg,578,389,499,373
IMG020519125318.jpg,532,362,471,347
IMG020519125334.jpg,703,458,650,461
IMG020519125336.jpg,647,410,604,408
IMG020519125409.jpg,574,498,535,521
IMG020519125411.jpg,577,494,532,497
IMG020519125506.jpg,697,444,652,460
IMG020519125508.jpg,642,428,604,423
IMG020519125553.jpg,728,732,670,744
IMG020519125555.jpg,683,699,641,714
IMG020519125625.jpg,594,509,536,513
IMG020519125628.jpg,587,507,531,510
IMG020519125630.jpg,551,486,499,483
IMG020519125645.jpg,653,267,614,279
IMG020519125647.jpg,598,231,552,233
IMG020519125705.jpg,620,433,564,430
IMG020519125707.jpg,610,434,568,429
IMG020519125726.jpg,697,412,634,414
IMG020519125728.jpg,691,353,648,347
IMG020519125748.jpg,610,477,565,469
IMG020519125750.jpg,558,441,509,441
IMG020519125829.jpg,592,482,547,486
IMG020519125831.jpg,594,476,546,480
IMG020519125937.jpg,670,719,606,726
IMG020519125939.jpg,625,684,576,678
IMG020519125952.jpg,640,374,592,384
IMG020519125954.jpg,595,356,548,348
IMG020519125956.jpg,637,366,589,377
IMG020519125958.jpg,601,359,554,355
IMG020519130015.jpg,608,580,557,587
IMG020519130017.jpg,592,566,549,559
IMG020519130039.jpg,688,450,633,460
IMG020519130041.jpg,638,420,592,432
IMG020519130058.jpg,577,425,523,428
IMG020519130101.jpg,575,425,519,427
IMG020519130103.jpg,537,395,494,407
IMG020519130123.jpg,694,529,655,538
IMG020519130125.jpg,642,499,608,515
IMG020519130143.jpg,561,367,520,376
IMG020519130145.jpg,553,351,513,359
IMG020519130210.jpg,686,337,634,338
IMG020519130213.jpg,683,329,629,329
IMG020519130215.jpg,652,303,602,301
IMG020519130309.jpg,674,717,607,730
IMG020519130311.jpg,628,675,578,683
IMG020519130358.jpg,688,424,639,433
IMG020519130400.jpg,622,385,577,389
IMG020519130429.jpg,554,390,520,397
IMG020519130431.jpg,557,384,519,392
IMG020519130455.jpg,681,544,627,547
IMG020519130458.jpg,674,532,622,539
IMG020519130500.jpg,641,513,592,520
IMG020519130519.jpg,613,511,547,521
IMG020519130523.jpg,608,511,542,517
IMG020519130524.jpg,569,486,520,491
IMG020519130545.jpg,679,408,641,421
IMG020519130547.jpg,625,364,581,372
IMG020519130609.jpg,633,633,602,651
IMG020519130611.jpg,616,615,570,621
IMG020519130629.jpg,694,417,634,425
IMG020519130744.jpg,654,677,601,682
IMG020519130746.jpg,612,661,572,676
IMG020519130817.jpg,656,356,605,363
IMG020519130819.jpg,591,322,553,335
IMG020519130836.jpg,623,565,586,585
IMG020519130838.jpg,589,548,552,563
IMG020519130854.jpg,655,525,608,538
IMG020519130856.jpg,624,514,579,519
IMG020519130914.jpg,610,526,549,534
IMG020519130916.jpg,545,494,504,503
IMG020519130931.jpg,664,370,605,378
IMG020519130935.jpg,661,361,601,364
IMG020519130937.jpg,615,330,567,333
IMG020519130954.jpg,602,527,560,541
IMG020519130956.jpg,605,518,562,526
IMG020519131015.jpg,673,563,633,575
IMG020519131017.jpg,633,543,593,545
IMG020519131100.jpg,608,472,550,469
IMG020519131102.jpg,552,438,507,444
IMG020519131138.jpg,704,203,660,191
IMG020519131141.jpg,612,564,566,571
IMG020519131143.jpg,618,550,571,545
IMG020519131217.jpg,594,423,530,426
IMG020519131220.jpg,588,423,524,427
IMG020519131222.jpg,546,407,496,408
IMG020519131310.jpg,627,536,578,544
IMG020519131312.jpg,622,541,574,537
IMG020519131823.jpg,685,693,632,693
IMG020519131825.jpg,651,659,585,644
IMG020519131840.jpg,703,272,653,276
IMG020519131842.jpg,670,212,626,215
IMG020519131913.jpg,606,525,556,511
IMG020519131915.jpg,573,505,515,516
IMG020519131959.jpg,693,412,645,409
IMG020519132002.jpg,689,409,644,401
IMG020519132004.jpg,678,390,630,386
IMG020519132105.jpg,604,436,566,408
IMG020519132107.jpg,500,331,453,326
IMG020519132210.jpg,557,535,504,540
IMG020519132240.jpg,594,473,543,493
IMG020519132242.jpg,555,431,491,420
IMG020519132331.jpg,708,473,665,475
IMG020519132333.jpg,656,406,614,418
IMG020519132356.jpg,592,507,548,517
IMG020519132358.jpg,555,492,509,509
IMG020519132435.jpg,710,433,664,437
IMG020519132437.jpg,706,387,648,373
IMG020519132522.jpg,620,470,554,459
IMG020519132525.jpg,522,386,457,386
IMG020519132553.jpg,571,442,520,452
IMG020519132643.jpg,574,426,514,427
IMG020519132645.jpg,537,401,484,393
IMG020519132805.jpg,585,442,536,425
IMG020519132807.jpg,542,427,485,433
IMG020519132837.jpg,676,504,634,510
IMG020519132839.jpg,639,439,582,447
IMG020519132920.jpg,598,502,543,501
IMG020519132922.jpg,482,373,436,352
IMG020519132950.jpg,682,476,628,482
IMG020519132952.jpg,655,439,597,451
IMG020519133025.jpg,621,481,558,489
IMG020519133027.jpg,578,425,538,436
IMG020519133103.jpg,628,442,593,425
IMG020519133106.jpg,428,417,387,398
IMG020519133134.jpg,583,483,531,489
IMG020519133136.jpg,558,461,513,452
IMG020519133227.jpg,686,376,642,382
IMG020519133229.jpg,640,318,600,326
IMG020519133316.jpg,600,539,569,548
IMG020519133318.jpg,505,408,451,419
IMG020519133346.jpg,715,451,667,457
IMG020519133348.jpg,693,438,652,446
IMG020519133524.jpg,642,470,591,458
IMG020519133527.jpg,399,467,355,461
IMG020519133555.jpg,814,695,776,685
IMG020519133557.jpg,771,681,741,667
IMG020519133648.jpg,533,609,482,608
IMG020519133650.jpg,496,558,458,570
IMG020519133719.jpg,573,499,534,506
IMG020519133721.jpg,541,472,496,482
IMG020519133739.jpg,692,491,653,485
IMG020519133741.jpg,681,460,638,459
IMG020519133833.jpg,543,452,509,467
IMG020519133835.jpg,466,372,421,376
IMG020519133903.jpg,666,527,622,537
IMG020519133906.jpg,484,407,444,387
IMG020519133937.jpg,601,526,542,538
IMG020519133939.jpg,564,494,511,500
IMG020519134010.jpg,670,496,629,504
IMG020519134012.jpg,626,421,576,430
IMG020519134039.jpg,591,506,542,501
IMG020519134041.jpg,565,473,513,475
IMG020519134057.jpg,690,489,645,506
IMG020519134059.jpg,670,451,638,470
IMG020519134133.jpg,594,564,559,572
IMG020519134135.jpg,577,515,529,512
IMG020519134219.jpg,651,639,610,642
IMG020519134224.jpg,646,633,601,629
IMG020519134226.jpg,461,557,417,577
IMG020519134303.jpg,604,440,551,441
IMG020519134305.jpg,565,418,526,423
IMG020519134406.jpg,683,453,639,462
IMG020519134408.jpg,642,387,600,402
IMG020519134430.jpg,597,563,540,565
IMG020519134432.jpg,553,524,504,525
IMG020519134520.jpg,681,428,630,438
IMG020519134522.jpg,650,391,602,385
IMG020519134557.jpg,595,591,546,586
IMG020519134559.jpg,499,470,465,484
IMG020519134627.jpg,682,416,634,416
IMG020519134631.jpg,683,404,634,405
IMG020519134702.jpg,587,418,539,418
IMG020519134704.jpg,570,376,529,375
IMG020519134747.jpg,649,502,605,495
IMG020519134749.jpg,616,433,572,433
IMG020519134811.jpg,576,425,520,415
IMG020519134813.jpg,548,335,495,340
IMG020519134856.jpg,698,375,654,375
IMG020519134858.jpg,665,348,622,351
IMG020519134935.jpg,598,577,559,588
IMG020519134937.jpg,475,455,428,461
IMG020519135005.jpg,659,392,618,386
IMG020519135007.jpg,406,402,360,399
IMG020519135138.jpg,489,732,435,735
IMG020519135141.jpg,652,503,600,499
IMG020519135143.jpg,614,451,559,458
IMG020519135224.jpg,670,410,622,416
IMG020519135226.jpg,659,371,615,381
IMG020519135333.jpg,680,523,633,527
IMG020519135336.jpg,468,601,439,569
IMG020519135439.jpg,685,287,643,262
IMG020519135442.jpg,652,248,607,247
IMG020519135524.jpg,633,354,590,337
IMG020519135527.jpg,604,305,538,294
IMG020519135546.jpg,689,570,625,591
IMG020519135548.jpg,634,538,581,536
IMG020519135628.jpg,706,363,670,389
IMG020519135659.jpg,577,531,528,535
IMG020519135701.jpg,552,492,509,496
IMG020519135800.jpg,611,568,570,563
IMG020519135804.jpg,607,564,565,561
IMG020519135806.jpg,509,450,463,455
IMG020519135905.jpg,610,567,568,578
IMG020519135907.jpg,592,527,537,546
IMG020519135931.jpg,711,344,668,349
IMG020519135933.jpg,660,307,613,296
IMG020519135958.jpg,583,515,538,524
IMG020519140000.jpg,562,486,517,477
IMG020519140035.jpg,627,459,580,468
IMG020519140037.jpg,591,388,546,408
IMG020519140119.jpg,646,655,601,646
IMG020519140122.jpg,567,546,522,553
IMG020519140152.jpg,683,338,640,347
IMG020519140155.jpg,477,290,433,304
IMG020519140309.jpg,642,514,614,497
IMG020519140312.jpg,610,462,570,475
IMG020519140349.jpg,695,479,643,485
IMG020519140351.jpg,675,428,618,404
IMG020519140504.jpg,647,540,608,537
IMG020519140507.jpg,459,538,408,551
IMG020519140535.jpg,626,463,560,480
IMG020519140537.jpg,580,414,524,416
IMG020519140624.jpg,599,560,551,563
IMG020519140626.jpg,576,511,519,518
IMG020519140731.jpg,578,526,537,533
IMG020519140734.jpg,464,406,421,414
IMG020519140810.jpg,665,408,613,423
IMG020519140812.jpg,637,362,584,347
IMG020519140833.jpg,591,307,536,295
IMG020519140835.jpg,556,283,499,284
IMG020519140858.jpg,733,566,682,582
IMG020519140900.jpg,706,525,664,536
IMG020519140930.jpg,609,525,555,531
IMG020519140932.jpg,587,501,541,503
IMG020519141027.jpg,665,515,624,514
IMG020519141031.jpg,666,515,619,514
IMG020519141033.jpg,473,545,430,556
IMG020519141119.jpg,645,477,601,460
IMG020519141121.jpg,542,346,493,340
IMG020519141157.jpg,688,445,644,450
IMG020519141159.jpg,675,411,623,408
IMG020519141323.jpg,680,346,642,333
IMG020519141325.jpg,648,299,607,306
IMG020519141340.jpg,612,443,558,453
IMG020519141343.jpg,614,444,556,455
IMG020519141345.jpg,585,415,526,418
IMG020519141430.jpg,573,536,525,539
IMG020519141432.jpg,538,503,482,516
IMG020519141554.jpg,656,403,605,390
IMG020519141556.jpg,479,372,440,355
IMG020519141626.jpg,645,502,592,516
IMG020519141630.jpg,646,501,592,517
IMG020519141635.jpg,640,500,589,517
IMG020519141705.jpg,608,454,546,467
IMG020519141707.jpg,571,418,521,417
IMG020519141723.jpg,689,282,631,286
IMG020519141725.jpg,663,238,627,245
IMG020519141745.jpg,679,631,626,642
IMG020519141747.jpg,640,593,585,603
IMG020519141811.jpg,668,358,617,368
IMG020519141813.jpg,631,311,582,329
IMG020519141915.jpg,598,521,558,518
IMG020519141917.jpg,475,366,418,376
IMG020519142047.jpg,721,472,682,461
IMG020519142051.jpg,718,467,680,458
IMG020519142053.jpg,567,436,526,427
IMG020519142149.jpg,603,523,559,506
IMG020519142152.jpg,484,379,442,374
IMG020519142219.jpg,708,513,659,520
IMG020519142221.jpg,655,440,604,460
IMG020519142315.jpg,598,496,540,502
IMG020519142317.jpg,568,482,510,488
IMG020519142423.jpg,688,452,635,455
IMG020519142425.jpg,665,412,625,395
IMG020519142442.jpg,594,582,549,575
IMG020519142444.jpg,564,558,497,578
IMG020519142516.jpg,700,431,659,426
IMG020519142519.jpg,531,406,484,406
IMG020519142550.jpg,625,547,580,524
IMG020519142554.jpg,615,541,575,524
IMG020519142556.jpg,530,417,488,396
IMG020519142713.jpg,595,512,546,513
IMG020519142715.jpg,567,474,509,473
IMG020519142839.jpg,608,571,563,587
IMG020519142841.jpg,577,536,520,528
IMG020519142931.jpg,573,488,537,513
IMG020519142934.jpg,478,358,435,365
IMG020519143218.jpg,590,478,528,483
IMG020519143220.jpg,524,440,478,445
IMG020519145051.jpg,623,481,575,482
IMG020519145055.jpg,621,476,571,478
IMG020519145057.jpg,582,465,528,467
IMG020519145112.jpg,655,353,618,351
IMG020519145115.jpg,559,378,511,380
IMG020519145117.jpg,537,361,491,361
IMG020519145140.jpg,697,358,640,368
IMG020519145143.jpg,693,347,639,350
IMG020519145145.jpg,652,319,605,321
IMG020519145146.jpg,685,337,632,343
IMG020519145201.jpg,581,496,525,503
IMG020519145203.jpg,516,467,472,475
IMG020519145217.jpg,692,459,638,465
IMG020519145220.jpg,690,449,635,458
IMG020519145222.jpg,645,417,601,420
IMG020519145243.jpg,559,346,506,337
IMG020519145245.jpg,529,318,490,296
IMG020519145259.jpg,716,636,668,653
IMG020519145301.jpg,659,595,614,590
IMG020519145334.jpg,660,450,598,454
IMG020519145336.jpg,611,404,576,404
IMG020519145350.jpg,596,534,543,534
IMG020519145354.jpg,596,533,539,534
IMG020519145355.jpg,559,512,508,507
IMG020519145426.jpg,684,297,638,300
IMG020519145429.jpg,681,288,633,294
IMG020519145432.jpg,671,283,626,287
IMG020519145434.jpg,644,278,603,281
IMG020519145448.jpg,573,429,518,424
IMG020519145450.jpg,526,384,470,382
IMG020519145507.jpg,736,590,680,604
IMG020519145510.jpg,731,581,674,596
IMG020519145513.jpg,724,574,669,587
IMG020519145515.jpg,688,560,647,571
IMG020519145532.jpg,575,401,513,388
IMG020519145534.jpg,525,378,476,366
IMG020519145547.jpg,628,438,590,449
IMG020519145549.jpg,589,407,539,395
IMG020519145610.jpg,587,386,518,395
IMG020519145612.jpg,542,346,501,358
IMG020519145613.jpg,581,385,512,394
IMG020519145615.jpg,549,353,503,364
IMG020519145629.jpg,724,570,665,588
IMG020519145631.jpg,676,536,625,543
IMG020519145725.jpg,593,457,533,459
IMG020519145727.jpg,539,419,491,422
IMG020519145741.jpg,659,445,605,452
IMG020519145743.jpg,609,396,568,397
IMG020519145819.jpg,587,459,541,464
IMG020519145821.jpg,548,444,509,449
IMG020519145837.jpg,693,420,649,427
IMG020519145840.jpg,690,412,640,414
IMG020519145842.jpg,646,394,607,386
IMG020519145900.jpg,561,406,505,407
IMG020519145902.jpg,509,372,470,376
IMG020519145918.jpg,693,507,636,522
IMG020519145920.jpg,640,470,601,481
IMG020519145946.jpg,540,277,497,272
IMG020519145949.jpg,542,277,489,272
IMG020519145951.jpg,513,262,470,251
IMG020519150005.jpg,647,443,600,443
IMG020519150007.jpg,594,404,537,391
IMG020519150057.jpg,592,422,530,429
IMG020519150059.jpg,532,382,495,391
IMG020519150235.jpg,665,474,616,476
IMG020519150237.jpg,613,444,569,432
IMG020519150256.jpg,616,424,569,424
IMG020519150259.jpg,614,423,563,421
IMG020519150301.jpg,589,404,543,391
IMG020519150315.jpg,596,455,527,464
IMG020519150317.jpg,552,402,508,411
IMG020519150344.jpg,574,388,515,391
IMG020519150346.jpg,526,356,464,360
IMG020519150401.jpg,642,393,587,390
IMG020519150405.jpg,639,384,586,380
IMG020519150407.jpg,594,371,548,360
IMG020519150509.jpg,700,522,642,534
IMG020519150511.jpg,656,480,609,492
IMG020519150529.jpg,590,498,541,497
IMG020519150531.jpg,559,473,511,462
IMG020519150640.jpg,639,661,587,665
IMG020519150642.jpg,598,633,553,644
IMG020519150702.jpg,670,495,621,495
IMG020519150705.jpg,667,485,615,487
IMG020519150707.jpg,623,474,581,468
IMG020519150722.jpg,590,419,548,427
IMG020519150724.jpg,548,399,513,414
IMG020519150742.jpg,592,407,531,415
IMG020519150745.jpg,538,363,489,362
IMG020519150805.jpg,618,482,559,483
IMG020519150822.jpg,630,469,573,466
IMG020519150825.jpg,624,457,567,455
IMG020519150827.jpg,583,443,536,431
IMG020519150841.jpg,579,454,525,456
IMG020519150843.jpg,563,451,519,441
IMG020519150900.jpg,621,521,564,526
IMG020519150903.jpg,618,512,562,519
IMG020519150905.jpg,576,488,535,500
IMG020519151008.jpg,576,446,516,454
IMG020519151010.jpg,521,402,473,409
IMG020519151052.jpg,647,448,598,457
IMG020519151054.jpg,588,422,547,428
IMG020519151114.jpg,587,530,538,537
IMG020519151116.jpg,555,504,505,502
IMG020519151130.jpg,713,507,648,515
IMG020519151133.jpg,707,495,642,501
IMG020519151135.jpg,666,456,623,455
IMG020519151152.jpg,618,482,554,489
IMG020519151154.jpg,563,443,519,444
IMG020519151210.jpg,632,489,589,494
IMG020519151212.jpg,594,482,546,473
IMG020519151241.jpg,655,688,611,700
IMG020519151243.jpg,628,665,577,667
IMG020519151259.jpg,659,518,602,529
IMG020519151301.jpg,614,472,568,476
IMG020519151352.jpg,591,476,535,479
IMG020519151354.jpg,530,435,486,442
IMG020519151430.jpg,632,442,578,445
IMG020519151432.jpg,584,422,535,416
IMG020519151501.jpg,572,327,522,320
IMG020519151504.jpg,570,329,518,324
IMG020519151506.jpg,541,310,494,298
IMG020519151521.jpg,703,449,653,444
IMG020519151523.jpg,656,407,616,400
IMG020519151543.jpg,576,362,521,366
IMG020519151547.jpg,573,361,515,362
IMG020519151549.jpg,526,325,488,330
IMG020519151605.jpg,663,343,626,361
IMG020519151607.jpg,606,317,563,324
IMG020519151635.jpg,600,514,553,518
IMG020519151637.jpg,598,500,553,490
IMG020519151653.jpg,672,418,614,430
IMG020519151656.jpg,668,407,610,419
IMG020519151658.jpg,633,381,594,385
IMG020519151755.jpg,642,705,585,712
IMG020519151757.jpg,598,666,561,678
IMG020519151837.jpg,636,543,583,552
IMG020519151921.jpg,548,341,503,347
IMG020519151923.jpg,536,327,485,331
IMG020519152004.jpg,588,437,537,447
IMG020519152007.jpg,584,432,529,439
IMG020519152009.jpg,542,400,499,381
IMG020519152831.jpg,623,468,571,464
IMG020519152833.jpg,588,436,543,429
IMG020519152848.jpg,630,560,583,570
IMG020519152850.jpg,599,499,556,518
IMG020519152912.jpg,619,532,581,539
IMG020519152915.jpg,615,526,576,541
IMG020519152918.jpg,595,493,547,506
IMG020519152934.jpg,692,502,649,495
IMG020519152936.jpg,679,470,637,466
IMG020519153014.jpg,594,541,551,548
IMG020519153017.jpg,498,404,447,403
IMG020519153102.jpg,696,389,649,392
IMG020519153105.jpg,500,477,444,484
IMG020519153158.jpg,597,500,559,515
IMG020519153200.jpg,567,473,509,490
IMG020519153234.jpg,685,514,627,516
IMG020519153236.jpg,654,458,609,473
IMG020519153258.jpg,582,402,531,397
IMG020519153300.jpg,553,371,508,373
IMG020519153323.jpg,663,558,625,545
IMG020519153325.jpg,658,539,601,531
IMG020519153500.jpg,602,505,562,510
IMG020519153502.jpg,520,391,471,387
IMG020519153541.jpg,744,437,701,437
IMG020519153544.jpg,577,464,529,470
IMG020519153826.jpg,704,554,660,567
IMG020519153829.jpg,702,547,656,553
IMG020519153831.jpg,693,495,635,509
IMG020519153846.jpg,608,446,557,444
IMG020519153849.jpg,571,414,515,413
IMG020519153906.jpg,737,520,690,517
IMG020519153908.jpg,712,491,666,480
IMG020519153937.jpg,610,544,558,547
IMG020519153939.jpg,573,515,523,518
IMG020519154021.jpg,654,368,603,370
IMG020519154024.jpg,403,402,340,409
IMG020519154056.jpg,591,499,537,490
IMG020519154058.jpg,480,411,422,412
IMG020519154126.jpg,658,476,613,484
IMG020519154128.jpg,640,418,582,421
IMG020519154201.jpg,631,548,581,558
IMG020519154203.jpg,593,518,528,532
IMG020519154220.jpg,685,440,631,445
IMG020519154222.jpg,645,425,597,433
IMG020519154243.jpg,629,233,579,229
IMG020519154245.jpg,594,208,552,198
IMG020519154331.jpg,663,459,625,442
IMG020519154333.jpg,424,448,371,453
IMG020519154420.jpg,580,525,534,526
IMG020519154423.jpg,493,425,432,441
IMG020519154425.jpg,579,523,531,527
IMG020519154427.jpg,487,425,430,441
IMG020519154700.jpg,489,814,446,829
IMG020519154702.jpg,451,755,411,781
IMG020519154724.jpg,611,547,574,530
IMG020519154726.jpg,573,517,523,505
IMG020519154752.jpg,525,571,480,585
IMG020519154754.jpg,488,517,448,539
IMG020519154817.jpg,587,527,533,529
IMG020519154819.jpg,562,501,505,516
IMG020519154842.jpg,645,494,600,490
IMG020519154844.jpg,608,444,556,431
IMG020519154944.jpg,635,559,593,572
IMG020519154946.jpg,528,444,483,445
IMG020519155017.jpg,677,712,638,696
IMG020519155019.jpg,479,681,427,683
IMG020519155047.jpg,593,587,549,572
IMG020519155049.jpg,572,550,514,536
IMG020519155209.jpg,638,356,597,357
IMG020519155211.jpg,606,305,564,310
IMG020519155234.jpg,609,592,558,582
IMG020519155236.jpg,582,567,532,577
IMG020519155345.jpg,600,508,545,496
IMG020519155348.jpg,533,395,469,379
IMG020519155415.jpg,684,452,642,441
IMG020519155419.jpg,678,442,639,433
IMG020519155421.jpg,659,426,604,411
IMG020519155502.jpg,676,622,621,633
IMG020519155505.jpg,499,590,443,598
IMG020519155533.jpg,580,412,532,401
IMG020519155535.jpg,543,380,490,370
IMG020519155748.jpg,583,540,540,553
IMG020519155751.jpg,581,539,538,555
IMG020519155753.jpg,568,518,512,530
IMG020519155808.jpg,622,606,580,621
IMG020519155810.jpg,579,549,534,565
IMG020519155901.jpg,650,581,607,583
IMG020519155905.jpg,649,575,601,577
IMG020519155907.jpg,571,484,524,480
IMG020519155935.jpg,640,539,602,528
IMG020519155937.jpg,603,477,550,470
IMG020519160005.jpg,653,571,604,580
IMG020519160008.jpg,612,532,564,518
IMG020519160100.jpg,660,328,618,334
IMG020519160103.jpg,454,293,391,293
IMG020519160131.jpg,598,531,545,545
IMG020519160133.jpg,581,498,509,516
IMG020519160335.jpg,646,398,577,405
IMG020519160337.jpg,611,336,544,355
IMG020519160444.jpg,579,399,535,382
IMG020519160446.jpg,481,273,435,270
IMG020519160514.jpg,634,456,588,471
