IMG020519091300.jpg,-1,-1
IMG020519102253.jpg,-1,-1
IMG020519111837.jpg,-1,-1
IMG010218103050.jpg,-1,-1
IMG010218103400.jpg,-1,-1
IMG010218103411.jpg,-1,-1
IMG010218130043.jpg,-1,-1
IMG010219110204.jpg,-1,-1
IMG010318130149.jpg,-1,-1
IMG010319141621.jpg,-1,-1
IMG010319162050.jpg,-1,-1
IMG010319162052.jpg,-1,-1
IMG010406021526.jpg,-1,-1
IMG010406035138.jpg,-1,-1
IMG010406035721.jpg,-1,-1
IMG010406041909.jpg,-1,-1
IMG010406055748.jpg,-1,-1
IMG010406133120.jpg,-1,-1
IMG010406134705.jpg,-1,-1
IMG010406171131.jpg,-1,-1
IMG010406171134.jpg,-1,-1
IMG010406171343.jpg,-1,-1
IMG010406221057.jpg,-1,-1
IMG010406225050.jpg,-1,-1
IMG010519092259.jpg,-1,-1
IMG010519103736.jpg,-1,-1
IMG010519133353.jpg,-1,-1
IMG010519140257.jpg,-1,-1
IMG010519145709.jpg,-1,-1
IMG010519145759.jpg,-1,-1
IMG010606012304.jpg,-1,-1
IMG010606012535.jpg,-1,-1
IMG010606014537.jpg,-1,-1
IMG010606023352.jpg,-1,-1
IMG010606050027.jpg,-1,-1
IMG010606212240.jpg,-1,-1
IMG010606214545.jpg,-1,-1
IMG010606214708.jpg,-1,-1
IMG010606220400.jpg,-1,-1
IMG010606225225.jpg,-1,-1
IMG010706195205.jpg,-1,-1
IMG010706225709.jpg,-1,-1
IMG010819145242.jpg,-1,-1
IMG010819145421.jpg,-1,-1
IMG010819153214.jpg,-1,-1
IMG010819155651.jpg,-1,-1
IMG020318071727.jpg,-1,-1
IMG020318072426.jpg,-1,-1
IMG020318072708.jpg,-1,-1
IMG020318073410.jpg,-1,-1
IMG020318075132.jpg,-1,-1
IMG020406054259.jpg,-1,-1
IMG020406055104.jpg,-1,-1
IMG020406055421.jpg,-1,-1
IMG020406080934.jpg,-1,-1
IMG020406090752.jpg,-1,-1
IMG020406114306.jpg,-1,-1
IMG020406130843.jpg,-1,-1
IMG020406133626.jpg,-1,-1
IMG020406134655.jpg,-1,-1
IMG020406141202.jpg,-1,-1
IMG020406150510.jpg,-1,-1
IMG020406152100.jpg,-1,-1
IMG020406153920.jpg,-1,-1
IMG020406161825.jpg,-1,-1
IMG020406180436.jpg,-1,-1
IMG020406193021.jpg,-1,-1
IMG020406193521.jpg,-1,-1
IMG020406194619.jpg,-1,-1
IMG020406202555.jpg,-1,-1
IMG020406221505.jpg,-1,-1
IMG020419092424.jpg,-1,-1
IMG020419092441.jpg,-1,-1
IMG020419093019.jpg,-1,-1
IMG020419095216.jpg,-1,-1
IMG020419095310.jpg,-1,-1
IMG020419095925.jpg,-1,-1
IMG020419102521.jpg,-1,-1
IMG020419112838.jpg,-1,-1
IMG020419113658.jpg,-1,-1
IMG020419113729.jpg,-1,-1
IMG020419124349.jpg,-1,-1
IMG020419133114.jpg,-1,-1
IMG020419133116.jpg,-1,-1
IMG020506223448.jpg,-1,-1
