IMG020519090701.jpg,1.0,1.0
IMG020519090827.jpg,1.0,1.0
IMG020519090829.jpg,1.0,1.0
IMG020519090852.jpg,1.0,1.0
IMG020519090854.jpg,1.0,1.0
IMG020519090949.jpg,1.0,1.0
IMG020519090952.jpg,1.0,1.0
IMG020519091052.jpg,1.0,1.0
IMG020519091057.jpg,1.0,1.0
IMG020519091059.jpg,1.0,1.0
IMG020519091101.jpg,1.0,1.0
IMG020519091103.jpg,1.0,1.0
IMG020519091132.jpg,1.0,1.0
IMG020519091134.jpg,1.0,1.0
IMG020519091231.jpg,1.0,1.0
IMG020519091233.jpg,1.0,1.0
IMG020519091300.jpg,0.0,1.0
IMG020519091328.jpg,1.0,1.0
IMG020519091331.jpg,1.0,1.0
IMG020519091425.jpg,1.0,1.0
IMG020519091427.jpg,1.0,1.0
IMG020519091525.jpg,1.0,1.0
IMG020519091527.jpg,1.0,1.0
IMG020519091606.jpg,1.0,1.0
IMG020519091608.jpg,1.0,1.0
IMG020519091636.jpg,1.0,1.0
IMG020519091638.jpg,1.0,1.0
IMG020519091746.jpg,1.0,1.0
IMG020519091749.jpg,1.0,1.0
IMG020519091751.jpg,1.0,1.0
IMG020519091753.jpg,1.0,1.0
IMG020519091922.jpg,1.0,1.0
IMG020519091924.jpg,1.0,1.0
IMG020519092138.jpg,1.0,1.0
IMG020519092140.jpg,1.0,1.0
IMG020519092156.jpg,1.0,1.0
IMG020519092158.jpg,1.0,1.0
IMG020519092220.jpg,1.0,1.0
IMG020519092223.jpg,1.0,1.0
IMG020519092225.jpg,1.0,1.0
IMG020519092306.jpg,1.0,1.0
IMG020519092308.jpg,1.0,1.0
IMG020519092447.jpg,1.0,1.0
IMG020519092449.jpg,1.0,1.0
IMG020519092451.jpg,1.0,1.0
IMG020519092454.jpg,1.0,1.0
IMG020519092549.jpg,1.0,1.0
IMG020519092551.jpg,1.0,1.0
IMG020519092629.jpg,1.0,1.0
IMG020519092631.jpg,1.0,1.0
IMG020519092746.jpg,1.0,1.0
IMG020519092748.jpg,1.0,1.0
IMG020519092821.jpg,1.0,1.0
IMG020519092824.jpg,1.0,1.0
IMG020519092826.jpg,1.0,1.0
IMG020519092910.jpg,1.0,1.0
IMG020519092912.jpg,1.0,1.0
IMG020519093008.jpg,1.0,1.0
IMG020519093013.jpg,1.0,1.0
IMG020519093017.jpg,1.0,1.0
IMG020519093104.jpg,1.0,1.0
IMG020519093106.jpg,1.0,1.0
IMG020519094044.jpg,1.0,1.0
IMG020519094047.jpg,1.0,1.0
IMG020519094114.jpg,1.0,1.0
IMG020519094118.jpg,1.0,1.0
IMG020519094120.jpg,1.0,1.0
IMG020519094139.jpg,1.0,1.0
IMG020519094142.jpg,1.0,1.0
IMG020519094201.jpg,1.0,1.0
IMG020519094204.jpg,1.0,1.0
IMG020519094206.jpg,1.0,1.0
IMG020519094225.jpg,1.0,1.0
IMG020519094228.jpg,1.0,1.0
IMG020519094230.jpg,1.0,1.0
IMG020519094310.jpg,1.0,1.0
IMG020519094314.jpg,1.0,1.0
IMG020519094317.jpg,1.0,1.0
IMG020519094408.jpg,1.0,1.0
IMG020519094411.jpg,1.0,1.0
IMG020519094606.jpg,1.0,1.0
IMG020519094608.jpg,1.0,1.0
IMG020519094638.jpg,1.0,1.0
IMG020519094642.jpg,1.0,1.0
IMG020519094644.jpg,1.0,1.0
IMG020519094726.jpg,1.0,1.0
IMG020519094728.jpg,1.0,1.0
IMG020519094806.jpg,1.0,1.0
IMG020519094808.jpg,1.0,1.0
IMG020519094914.jpg,1.0,1.0
IMG020519094917.jpg,1.0,1.0
IMG020519095056.jpg,1.0,1.0
IMG020519095058.jpg,1.0,1.0
IMG020519095127.jpg,1.0,1.0
IMG020519095129.jpg,1.0,1.0
IMG020519095322.jpg,1.0,1.0
IMG020519095356.jpg,1.0,1.0
IMG020519095358.jpg,1.0,1.0
IMG020519095537.jpg,1.0,1.0
IMG020519095539.jpg,1.0,1.0
IMG020519095855.jpg,1.0,1.0
IMG020519095857.jpg,1.0,1.0
IMG020519095913.jpg,1.0,1.0
IMG020519095915.jpg,1.0,1.0
IMG020519095949.jpg,1.0,1.0
IMG020519095952.jpg,1.0,1.0
IMG020519100030.jpg,1.0,1.0
IMG020519100032.jpg,1.0,1.0
IMG020519100142.jpg,1.0,1.0
IMG020519100144.jpg,1.0,1.0
IMG020519102157.jpg,1.0,1.0
IMG020519102201.jpg,1.0,1.0
IMG020519102203.jpg,1.0,1.0
IMG020519102224.jpg,1.0,1.0
IMG020519102226.jpg,1.0,1.0
IMG020519102253.jpg,0.0,1.0
IMG020519102255.jpg,1.0,1.0
IMG020519102429.jpg,1.0,1.0
IMG020519102431.jpg,1.0,1.0
IMG020519102446.jpg,1.0,1.0
IMG020519102448.jpg,1.0,1.0
IMG020519102506.jpg,1.0,1.0
IMG020519102508.jpg,1.0,1.0
IMG020519102633.jpg,1.0,1.0
IMG020519102636.jpg,1.0,1.0
IMG020519102741.jpg,1.0,1.0
IMG020519102744.jpg,1.0,1.0
IMG020519102955.jpg,1.0,1.0
IMG020519102957.jpg,1.0,1.0
IMG020519103012.jpg,1.0,1.0
IMG020519103014.jpg,1.0,1.0
IMG020519103109.jpg,1.0,1.0
IMG020519103111.jpg,1.0,1.0
IMG020519103143.jpg,1.0,1.0
IMG020519103147.jpg,1.0,1.0
IMG020519103149.jpg,1.0,1.0
IMG020519103257.jpg,1.0,1.0
IMG020519103300.jpg,1.0,1.0
IMG020519103434.jpg,1.0,1.0
IMG020519103436.jpg,1.0,1.0
IMG020519103627.jpg,1.0,1.0
IMG020519103629.jpg,1.0,1.0
IMG020519103725.jpg,1.0,1.0
IMG020519103727.jpg,1.0,1.0
IMG020519103812.jpg,1.0,1.0
IMG020519103814.jpg,1.0,1.0
IMG020519103846.jpg,1.0,1.0
IMG020519103849.jpg,1.0,1.0
IMG020519103956.jpg,1.0,1.0
IMG020519103959.jpg,1.0,1.0
IMG020519104030.jpg,1.0,1.0
IMG020519104032.jpg,1.0,1.0
IMG020519104112.jpg,1.0,1.0
IMG020519104114.jpg,1.0,1.0
IMG020519104117.jpg,1.0,1.0
IMG020519104119.jpg,1.0,1.0
IMG020519104232.jpg,1.0,1.0
IMG020519104237.jpg,1.0,1.0
IMG020519104239.jpg,1.0,1.0
IMG020519104307.jpg,1.0,1.0
IMG020519104309.jpg,1.0,1.0
IMG020519104341.jpg,1.0,1.0
IMG020519104343.jpg,1.0,1.0
IMG020519104421.jpg,1.0,1.0
IMG020519104423.jpg,1.0,1.0
IMG020519104548.jpg,1.0,1.0
IMG020519104550.jpg,1.0,1.0
IMG020519104618.jpg,1.0,1.0
IMG020519104620.jpg,1.0,1.0
IMG020519104759.jpg,1.0,1.0
IMG020519104801.jpg,1.0,1.0
IMG020519104853.jpg,1.0,1.0
IMG020519104855.jpg,1.0,1.0
IMG020519104937.jpg,1.0,1.0
IMG020519104959.jpg,1.0,1.0
IMG020519105001.jpg,1.0,1.0
IMG020519105105.jpg,1.0,1.0
IMG020519105109.jpg,1.0,1.0
IMG020519105112.jpg,1.0,1.0
IMG020519105139.jpg,1.0,1.0
IMG020519105141.jpg,1.0,1.0
IMG020519105213.jpg,1.0,1.0
IMG020519105215.jpg,1.0,1.0
IMG020519105312.jpg,1.0,1.0
IMG020519105315.jpg,1.0,1.0
IMG020519105343.jpg,1.0,1.0
IMG020519105345.jpg,1.0,1.0
IMG020519105430.jpg,1.0,1.0
IMG020519105432.jpg,1.0,1.0
IMG020519105546.jpg,1.0,1.0
IMG020519105548.jpg,1.0,1.0
IMG020519105650.jpg,1.0,1.0
IMG020519105819.jpg,1.0,1.0
IMG020519105821.jpg,1.0,1.0
IMG020519105929.jpg,1.0,1.0
IMG020519105931.jpg,1.0,1.0
IMG020519110037.jpg,1.0,1.0
IMG020519110040.jpg,1.0,1.0
IMG020519110138.jpg,1.0,1.0
IMG020519110140.jpg,1.0,1.0
IMG020519110230.jpg,1.0,1.0
IMG020519110232.jpg,1.0,1.0
IMG020519110350.jpg,1.0,1.0
IMG020519110352.jpg,1.0,1.0
IMG020519110848.jpg,1.0,1.0
IMG020519110850.jpg,1.0,1.0
IMG020519110903.jpg,1.0,1.0
IMG020519110926.jpg,1.0,1.0
IMG020519110928.jpg,1.0,1.0
IMG020519110958.jpg,1.0,1.0
IMG020519111035.jpg,1.0,1.0
IMG020519111037.jpg,1.0,1.0
IMG020519111113.jpg,1.0,1.0
IMG020519111136.jpg,1.0,1.0
IMG020519111139.jpg,1.0,1.0
IMG020519111141.jpg,1.0,1.0
IMG020519111200.jpg,1.0,1.0
IMG020519111404.jpg,1.0,1.0
IMG020519111420.jpg,1.0,1.0
IMG020519111422.jpg,1.0,1.0
IMG020519111442.jpg,1.0,1.0
IMG020519111510.jpg,1.0,1.0
IMG020519111512.jpg,1.0,1.0
IMG020519111531.jpg,1.0,1.0
IMG020519111554.jpg,1.0,1.0
IMG020519111556.jpg,1.0,1.0
IMG020519111611.jpg,1.0,1.0
IMG020519111635.jpg,1.0,1.0
IMG020519111637.jpg,1.0,1.0
IMG020519111703.jpg,1.0,1.0
IMG020519111737.jpg,1.0,1.0
IMG020519111739.jpg,1.0,1.0
IMG020519111756.jpg,1.0,1.0
IMG020519111759.jpg,1.0,1.0
IMG020519111801.jpg,1.0,1.0
IMG020519111835.jpg,1.0,1.0
IMG020519111837.jpg,0.0,1.0
IMG020519111850.jpg,1.0,1.0
IMG020519111924.jpg,1.0,1.0
IMG020519111926.jpg,1.0,1.0
IMG020519111947.jpg,1.0,1.0
IMG020519111950.jpg,1.0,1.0
IMG020519111952.jpg,1.0,1.0
IMG020519112049.jpg,1.0,1.0
IMG020519112117.jpg,1.0,1.0
IMG020519112121.jpg,1.0,1.0
IMG020519112122.jpg,1.0,1.0
IMG020519112136.jpg,1.0,1.0
IMG020519112214.jpg,1.0,1.0
IMG020519112216.jpg,1.0,1.0
IMG020519112304.jpg,1.0,1.0
IMG020519112306.jpg,1.0,1.0
IMG020519112319.jpg,1.0,1.0
IMG020519112342.jpg,1.0,1.0
IMG020519112344.jpg,1.0,1.0
IMG020519112403.jpg,1.0,1.0
IMG020519112419.jpg,1.0,1.0
IMG020519112421.jpg,1.0,1.0
IMG020519112457.jpg,1.0,1.0
IMG020519112459.jpg,1.0,1.0
IMG020519112513.jpg,1.0,1.0
IMG020519112543.jpg,1.0,1.0
IMG020519112546.jpg,1.0,1.0
IMG020519112548.jpg,1.0,1.0
IMG020519112604.jpg,1.0,1.0
IMG020519112607.jpg,1.0,1.0
IMG020519112609.jpg,1.0,1.0
IMG020519112624.jpg,1.0,1.0
IMG020519112626.jpg,1.0,1.0
IMG020519112649.jpg,1.0,1.0
IMG020519112712.jpg,1.0,1.0
IMG020519112714.jpg,1.0,1.0
IMG020519112731.jpg,1.0,1.0
IMG020519112749.jpg,1.0,1.0
IMG020519112751.jpg,1.0,1.0
IMG020519112817.jpg,1.0,1.0
IMG020519112847.jpg,1.0,1.0
IMG020519112851.jpg,1.0,1.0
IMG020519112853.jpg,1.0,1.0
IMG020519112907.jpg,1.0,1.0
IMG020519112929.jpg,1.0,1.0
IMG020519112931.jpg,1.0,1.0
IMG020519112953.jpg,1.0,1.0
IMG020519113023.jpg,1.0,1.0
IMG020519113026.jpg,1.0,1.0
IMG020519113028.jpg,1.0,1.0
IMG020519113042.jpg,1.0,1.0
IMG020519113045.jpg,1.0,1.0
IMG020519113047.jpg,1.0,1.0
IMG020519113115.jpg,1.0,1.0
IMG020519113117.jpg,1.0,1.0
IMG020519113137.jpg,1.0,1.0
IMG020519113139.jpg,1.0,1.0
IMG020519113154.jpg,1.0,1.0
IMG020519113229.jpg,1.0,1.0
IMG020519113247.jpg,1.0,1.0
IMG020519113249.jpg,1.0,1.0
IMG020519113306.jpg,1.0,1.0
IMG020519113308.jpg,1.0,1.0
IMG020519113327.jpg,1.0,1.0
IMG020519113329.jpg,1.0,1.0
IMG020519113409.jpg,1.0,1.0
IMG020519113411.jpg,1.0,1.0
IMG020519113427.jpg,1.0,1.0
IMG020519113429.jpg,1.0,1.0
IMG020519113451.jpg,1.0,1.0
IMG020519113453.jpg,1.0,1.0
IMG020519113516.jpg,1.0,1.0
IMG020519113557.jpg,1.0,1.0
IMG020519113647.jpg,1.0,1.0
IMG020519114018.jpg,1.0,1.0
IMG020519114021.jpg,1.0,1.0
IMG020519114023.jpg,1.0,1.0
IMG020519114037.jpg,1.0,1.0
IMG020519114039.jpg,1.0,1.0
IMG020519114057.jpg,1.0,1.0
IMG020519114100.jpg,1.0,1.0
IMG020519114102.jpg,1.0,1.0
IMG020519114117.jpg,1.0,1.0
IMG020519114119.jpg,1.0,1.0
IMG020519114153.jpg,1.0,1.0
IMG020519114155.jpg,1.0,1.0
IMG020519114209.jpg,1.0,1.0
IMG020519114238.jpg,1.0,1.0
IMG020519114241.jpg,1.0,1.0
IMG020519114258.jpg,1.0,1.0
IMG020519114301.jpg,1.0,1.0
IMG020519114303.jpg,1.0,1.0
IMG020519114402.jpg,1.0,1.0
IMG020519114404.jpg,1.0,1.0
IMG020519114418.jpg,1.0,1.0
IMG020519114420.jpg,1.0,1.0
IMG020519114440.jpg,1.0,1.0
IMG020519114501.jpg,1.0,1.0
IMG020519114503.jpg,1.0,1.0
IMG020519114517.jpg,1.0,1.0
IMG020519114539.jpg,1.0,1.0
IMG020519114541.jpg,1.0,1.0
IMG020519114554.jpg,1.0,1.0
IMG020519114617.jpg,1.0,1.0
IMG020519114619.jpg,1.0,1.0
IMG020519114719.jpg,1.0,1.0
IMG020519114735.jpg,1.0,1.0
IMG020519114738.jpg,1.0,1.0
IMG020519114740.jpg,1.0,1.0
IMG020519114755.jpg,1.0,1.0
IMG020519114816.jpg,1.0,1.0
IMG020519114818.jpg,1.0,1.0
IMG020519114833.jpg,1.0,1.0
IMG020519114836.jpg,1.0,1.0
IMG020519114838.jpg,1.0,1.0
IMG020519114853.jpg,1.0,1.0
IMG020519114855.jpg,1.0,1.0
IMG020519114909.jpg,1.0,1.0
IMG020519114932.jpg,1.0,1.0
IMG020519114934.jpg,1.0,1.0
IMG020519115032.jpg,1.0,1.0
IMG020519115034.jpg,1.0,1.0
IMG020519115048.jpg,1.0,1.0
IMG020519115109.jpg,1.0,1.0
IMG020519115111.jpg,1.0,1.0
IMG020519115126.jpg,1.0,1.0
IMG020519115145.jpg,1.0,1.0
IMG020519115148.jpg,1.0,1.0
IMG020519115150.jpg,1.0,1.0
IMG020519115204.jpg,1.0,1.0
IMG020519115227.jpg,1.0,1.0
IMG020519115229.jpg,1.0,1.0
IMG020519115244.jpg,1.0,1.0
IMG020519115328.jpg,1.0,1.0
IMG020519115330.jpg,1.0,1.0
IMG020519115409.jpg,1.0,1.0
IMG020519115426.jpg,1.0,1.0
IMG020519115428.jpg,1.0,1.0
IMG020519115505.jpg,1.0,1.0
IMG020519115507.jpg,1.0,1.0
IMG020519115521.jpg,1.0,1.0
IMG020519115550.jpg,1.0,1.0
IMG020519115552.jpg,1.0,1.0
IMG020519115609.jpg,1.0,1.0
IMG020519115612.jpg,1.0,1.0
IMG020519115614.jpg,1.0,1.0
IMG020519115655.jpg,1.0,1.0
IMG020519115657.jpg,1.0,1.0
IMG020519115710.jpg,1.0,1.0
IMG020519115751.jpg,1.0,1.0
IMG020519115753.jpg,1.0,1.0
IMG020519115807.jpg,1.0,1.0
IMG020519115809.jpg,1.0,1.0
IMG020519115850.jpg,1.0,1.0
IMG020519115910.jpg,1.0,1.0
IMG020519115912.jpg,1.0,1.0
IMG020519115928.jpg,1.0,1.0
IMG020519115947.jpg,1.0,1.0
IMG020519115949.jpg,1.0,1.0
IMG020519120008.jpg,1.0,1.0
IMG020519120054.jpg,1.0,1.0
IMG020519120056.jpg,1.0,1.0
IMG020519120117.jpg,1.0,1.0
IMG020519120119.jpg,1.0,1.0
IMG020519123512.jpg,1.0,1.0
IMG020519123514.jpg,1.0,1.0
IMG020519123534.jpg,1.0,1.0
IMG020519123536.jpg,1.0,1.0
IMG020519123554.jpg,1.0,1.0
IMG020519123556.jpg,1.0,1.0
IMG020519123616.jpg,1.0,1.0
IMG020519123618.jpg,1.0,1.0
IMG020519123638.jpg,1.0,1.0
IMG020519123640.jpg,1.0,1.0
IMG020519123719.jpg,1.0,1.0
IMG020519123721.jpg,1.0,1.0
IMG020519123741.jpg,1.0,1.0
IMG020519123743.jpg,1.0,1.0
IMG020519123800.jpg,1.0,1.0
IMG020519123802.jpg,1.0,1.0
IMG020519123838.jpg,1.0,1.0
IMG020519123840.jpg,1.0,1.0
IMG020519123917.jpg,1.0,1.0
IMG020519123919.jpg,1.0,1.0
IMG020519124417.jpg,1.0,1.0
IMG020519124419.jpg,1.0,1.0
IMG020519124433.jpg,1.0,1.0
IMG020519124435.jpg,1.0,1.0
IMG020519124457.jpg,1.0,1.0
IMG020519124459.jpg,1.0,1.0
IMG020519124520.jpg,1.0,1.0
IMG020519124522.jpg,1.0,1.0
IMG020519124543.jpg,1.0,1.0
IMG020519124546.jpg,1.0,1.0
IMG020519124548.jpg,1.0,1.0
IMG020519124602.jpg,1.0,1.0
IMG020519124604.jpg,1.0,1.0
IMG020519124626.jpg,1.0,1.0
IMG020519124628.jpg,1.0,1.0
IMG020519124645.jpg,1.0,1.0
IMG020519124647.jpg,1.0,1.0
IMG020519124732.jpg,1.0,1.0
IMG020519124734.jpg,1.0,1.0
IMG020519124814.jpg,1.0,1.0
IMG020519124816.jpg,1.0,1.0
IMG020519124833.jpg,1.0,1.0
IMG020519124837.jpg,1.0,1.0
IMG020519124839.jpg,1.0,1.0
IMG020519124852.jpg,1.0,1.0
IMG020519124917.jpg,1.0,1.0
IMG020519124919.jpg,1.0,1.0
IMG020519124936.jpg,1.0,1.0
IMG020519124939.jpg,1.0,1.0
IMG020519124941.jpg,1.0,1.0
IMG020519124957.jpg,1.0,1.0
IMG020519125000.jpg,1.0,1.0
IMG020519125002.jpg,1.0,1.0
IMG020519125018.jpg,1.0,1.0
IMG020519125020.jpg,1.0,1.0
IMG020519125133.jpg,1.0,1.0
IMG020519125136.jpg,1.0,1.0
IMG020519125138.jpg,1.0,1.0
IMG020519125152.jpg,1.0,1.0
IMG020519125154.jpg,1.0,1.0
IMG020519125211.jpg,1.0,1.0
IMG020519125213.jpg,1.0,1.0
IMG020519125233.jpg,1.0,1.0
IMG020519125235.jpg,1.0,1.0
IMG020519125254.jpg,1.0,1.0
IMG020519125256.jpg,1.0,1.0
IMG020519125313.jpg,1.0,1.0
IMG020519125316.jpg,1.0,1.0
IMG020519125318.jpg,1.0,1.0
IMG020519125334.jpg,1.0,1.0
IMG020519125336.jpg,1.0,1.0
IMG020519125409.jpg,1.0,1.0
IMG020519125411.jpg,1.0,1.0
IMG020519125506.jpg,1.0,1.0
IMG020519125508.jpg,1.0,1.0
IMG020519125553.jpg,1.0,1.0
IMG020519125555.jpg,1.0,1.0
IMG020519125625.jpg,1.0,1.0
IMG020519125628.jpg,1.0,1.0
IMG020519125630.jpg,1.0,1.0
IMG020519125645.jpg,1.0,1.0
IMG020519125647.jpg,1.0,1.0
IMG020519125705.jpg,1.0,1.0
IMG020519125707.jpg,1.0,1.0
IMG020519125726.jpg,1.0,1.0
IMG020519125728.jpg,1.0,1.0
IMG020519125748.jpg,1.0,1.0
IMG020519125750.jpg,1.0,1.0
IMG020519125829.jpg,1.0,1.0
IMG020519125831.jpg,1.0,1.0
IMG020519125937.jpg,1.0,1.0
IMG020519125939.jpg,1.0,1.0
IMG020519125952.jpg,1.0,1.0
IMG020519125954.jpg,1.0,1.0
IMG020519125956.jpg,1.0,1.0
IMG020519125958.jpg,1.0,1.0
IMG020519130015.jpg,1.0,1.0
IMG020519130017.jpg,1.0,1.0
IMG020519130039.jpg,1.0,1.0
IMG020519130041.jpg,1.0,1.0
IMG020519130058.jpg,1.0,1.0
IMG020519130101.jpg,1.0,1.0
IMG020519130103.jpg,1.0,1.0
IMG020519130123.jpg,1.0,1.0
IMG020519130125.jpg,1.0,1.0
IMG020519130143.jpg,1.0,1.0
IMG020519130145.jpg,1.0,1.0
IMG020519130210.jpg,1.0,1.0
IMG020519130213.jpg,1.0,1.0
IMG020519130215.jpg,1.0,1.0
IMG020519130309.jpg,1.0,1.0
IMG020519130311.jpg,1.0,1.0
IMG020519130358.jpg,1.0,1.0
IMG020519130400.jpg,1.0,1.0
IMG020519130429.jpg,1.0,1.0
IMG020519130431.jpg,1.0,1.0
IMG020519130455.jpg,1.0,1.0
IMG020519130458.jpg,1.0,1.0
IMG020519130500.jpg,1.0,1.0
IMG020519130519.jpg,1.0,1.0
IMG020519130523.jpg,1.0,1.0
IMG020519130524.jpg,1.0,1.0
IMG020519130545.jpg,1.0,1.0
IMG020519130547.jpg,1.0,1.0
IMG020519130609.jpg,1.0,1.0
IMG020519130611.jpg,1.0,1.0
IMG020519130629.jpg,1.0,1.0
IMG020519130744.jpg,1.0,1.0
IMG020519130746.jpg,1.0,1.0
IMG020519130817.jpg,1.0,1.0
IMG020519130819.jpg,1.0,1.0
IMG020519130836.jpg,1.0,1.0
IMG020519130838.jpg,1.0,1.0
IMG020519130854.jpg,1.0,1.0
IMG020519130856.jpg,1.0,1.0
IMG020519130914.jpg,1.0,1.0
IMG020519130916.jpg,1.0,1.0
IMG020519130931.jpg,1.0,1.0
IMG020519130935.jpg,1.0,1.0
IMG020519130937.jpg,1.0,1.0
IMG020519130954.jpg,1.0,1.0
IMG020519130956.jpg,1.0,1.0
IMG020519131015.jpg,1.0,1.0
IMG020519131017.jpg,1.0,1.0
IMG020519131100.jpg,1.0,1.0
IMG020519131102.jpg,1.0,1.0
IMG020519131138.jpg,1.0,1.0
IMG020519131141.jpg,1.0,1.0
IMG020519131143.jpg,1.0,1.0
IMG020519131217.jpg,1.0,1.0
IMG020519131220.jpg,1.0,1.0
IMG020519131222.jpg,1.0,1.0
IMG020519131310.jpg,1.0,1.0
IMG020519131312.jpg,1.0,1.0
IMG020519131823.jpg,1.0,1.0
IMG020519131825.jpg,1.0,1.0
IMG020519131840.jpg,1.0,1.0
IMG020519131842.jpg,1.0,1.0
IMG020519131913.jpg,1.0,1.0
IMG020519131915.jpg,1.0,1.0
IMG020519131959.jpg,1.0,1.0
IMG020519132002.jpg,1.0,1.0
IMG020519132004.jpg,1.0,1.0
IMG020519132105.jpg,1.0,1.0
IMG020519132107.jpg,1.0,1.0
IMG020519132210.jpg,1.0,1.0
IMG020519132240.jpg,1.0,1.0
IMG020519132242.jpg,1.0,1.0
IMG020519132331.jpg,1.0,1.0
IMG020519132333.jpg,1.0,1.0
IMG020519132356.jpg,1.0,1.0
IMG020519132358.jpg,1.0,1.0
IMG020519132435.jpg,1.0,1.0
IMG020519132437.jpg,1.0,1.0
IMG020519132522.jpg,1.0,1.0
IMG020519132525.jpg,1.0,1.0
IMG020519132553.jpg,1.0,1.0
IMG020519132643.jpg,1.0,1.0
IMG020519132645.jpg,1.0,1.0
IMG020519132805.jpg,1.0,1.0
IMG020519132807.jpg,1.0,1.0
IMG020519132837.jpg,1.0,1.0
IMG020519132839.jpg,1.0,1.0
IMG020519132920.jpg,1.0,1.0
IMG020519132922.jpg,1.0,1.0
IMG020519132950.jpg,1.0,1.0
IMG020519132952.jpg,1.0,1.0
IMG020519133025.jpg,1.0,1.0
IMG020519133027.jpg,1.0,1.0
IMG020519133103.jpg,1.0,1.0
IMG020519133106.jpg,1.0,1.0
IMG020519133134.jpg,1.0,1.0
IMG020519133136.jpg,1.0,1.0
IMG020519133227.jpg,1.0,1.0
IMG020519133229.jpg,1.0,1.0
IMG020519133316.jpg,1.0,1.0
IMG020519133318.jpg,1.0,1.0
IMG020519133346.jpg,1.0,1.0
IMG020519133348.jpg,1.0,1.0
IMG020519133524.jpg,1.0,1.0
IMG020519133527.jpg,1.0,1.0
IMG020519133555.jpg,1.0,1.0
IMG020519133557.jpg,1.0,1.0
IMG020519133648.jpg,1.0,1.0
IMG020519133650.jpg,1.0,1.0
IMG020519133719.jpg,1.0,1.0
IMG020519133721.jpg,1.0,1.0
IMG020519133739.jpg,1.0,1.0
IMG020519133741.jpg,1.0,1.0
IMG020519133833.jpg,1.0,1.0
IMG020519133835.jpg,1.0,1.0
IMG020519133903.jpg,1.0,1.0
IMG020519133906.jpg,1.0,1.0
IMG020519133937.jpg,1.0,1.0
IMG020519133939.jpg,1.0,1.0
IMG020519134010.jpg,1.0,1.0
IMG020519134012.jpg,1.0,1.0
IMG020519134039.jpg,1.0,1.0
IMG020519134041.jpg,1.0,1.0
IMG020519134057.jpg,1.0,1.0
IMG020519134059.jpg,1.0,1.0
IMG020519134133.jpg,1.0,1.0
IMG020519134135.jpg,1.0,1.0
IMG020519134219.jpg,1.0,1.0
IMG020519134224.jpg,1.0,1.0
IMG020519134226.jpg,1.0,1.0
IMG020519134303.jpg,1.0,1.0
IMG020519134305.jpg,1.0,1.0
IMG020519134406.jpg,1.0,1.0
IMG020519134408.jpg,1.0,1.0
IMG020519134430.jpg,1.0,1.0
IMG020519134432.jpg,1.0,1.0
IMG020519134520.jpg,1.0,1.0
IMG020519134522.jpg,1.0,1.0
IMG020519134557.jpg,1.0,1.0
IMG020519134559.jpg,1.0,1.0
IMG020519134627.jpg,1.0,1.0
IMG020519134631.jpg,1.0,1.0
IMG020519134702.jpg,1.0,1.0
IMG020519134704.jpg,1.0,1.0
IMG020519134747.jpg,1.0,1.0
IMG020519134749.jpg,1.0,1.0
IMG020519134811.jpg,1.0,1.0
IMG020519134813.jpg,1.0,1.0
IMG020519134856.jpg,1.0,1.0
IMG020519134858.jpg,1.0,1.0
IMG020519134935.jpg,1.0,1.0
IMG020519134937.jpg,1.0,1.0
IMG020519135005.jpg,1.0,1.0
IMG020519135007.jpg,1.0,1.0
IMG020519135138.jpg,1.0,1.0
IMG020519135141.jpg,1.0,1.0
IMG020519135143.jpg,1.0,1.0
IMG020519135224.jpg,1.0,1.0
IMG020519135226.jpg,1.0,1.0
IMG020519135333.jpg,1.0,1.0
IMG020519135336.jpg,1.0,1.0
IMG020519135439.jpg,1.0,1.0
IMG020519135442.jpg,1.0,1.0
IMG020519135524.jpg,1.0,1.0
IMG020519135527.jpg,1.0,1.0
IMG020519135546.jpg,1.0,1.0
IMG020519135548.jpg,1.0,1.0
IMG020519135628.jpg,1.0,1.0
IMG020519135659.jpg,1.0,1.0
IMG020519135701.jpg,1.0,1.0
IMG020519135800.jpg,1.0,1.0
IMG020519135804.jpg,1.0,1.0
IMG020519135806.jpg,1.0,1.0
IMG020519135905.jpg,1.0,1.0
IMG020519135907.jpg,1.0,1.0
IMG020519135931.jpg,1.0,1.0
IMG020519135933.jpg,1.0,1.0
IMG020519135958.jpg,1.0,1.0
IMG020519140000.jpg,1.0,1.0
IMG020519140035.jpg,1.0,1.0
IMG020519140037.jpg,1.0,1.0
IMG020519140119.jpg,1.0,1.0
IMG020519140122.jpg,1.0,1.0
IMG020519140152.jpg,1.0,1.0
IMG020519140155.jpg,1.0,1.0
IMG020519140309.jpg,1.0,1.0
IMG020519140312.jpg,1.0,1.0
IMG020519140349.jpg,1.0,1.0
IMG020519140351.jpg,1.0,1.0
IMG020519140504.jpg,1.0,1.0
IMG020519140507.jpg,1.0,1.0
IMG020519140535.jpg,1.0,1.0
IMG020519140537.jpg,1.0,1.0
IMG020519140624.jpg,1.0,1.0
IMG020519140626.jpg,1.0,1.0
IMG020519140731.jpg,1.0,1.0
IMG020519140734.jpg,1.0,1.0
IMG020519140810.jpg,1.0,1.0
IMG020519140812.jpg,1.0,1.0
IMG020519140833.jpg,1.0,1.0
IMG020519140835.jpg,1.0,1.0
IMG020519140858.jpg,1.0,1.0
IMG020519140900.jpg,1.0,1.0
IMG020519140930.jpg,1.0,1.0
IMG020519140932.jpg,1.0,1.0
IMG020519141027.jpg,1.0,1.0
IMG020519141031.jpg,1.0,1.0
IMG020519141033.jpg,1.0,1.0
IMG020519141119.jpg,1.0,1.0
IMG020519141121.jpg,1.0,1.0
IMG020519141157.jpg,1.0,1.0
IMG020519141159.jpg,1.0,1.0
IMG020519141323.jpg,1.0,1.0
IMG020519141325.jpg,1.0,1.0
IMG020519141340.jpg,1.0,1.0
IMG020519141343.jpg,1.0,1.0
IMG020519141345.jpg,1.0,1.0
IMG020519141430.jpg,1.0,1.0
IMG020519141432.jpg,1.0,1.0
IMG020519141554.jpg,1.0,1.0
IMG020519141556.jpg,1.0,1.0
IMG020519141626.jpg,1.0,1.0
IMG020519141630.jpg,1.0,1.0
IMG020519141635.jpg,1.0,1.0
IMG020519141705.jpg,1.0,1.0
IMG020519141707.jpg,1.0,1.0
IMG020519141723.jpg,1.0,1.0
IMG020519141725.jpg,1.0,1.0
IMG020519141745.jpg,1.0,1.0
IMG020519141747.jpg,1.0,1.0
IMG020519141811.jpg,1.0,1.0
IMG020519141813.jpg,1.0,1.0
IMG020519141915.jpg,1.0,1.0
IMG020519141917.jpg,1.0,1.0
IMG020519142047.jpg,1.0,1.0
IMG020519142051.jpg,1.0,1.0
IMG020519142053.jpg,1.0,1.0
IMG020519142149.jpg,1.0,1.0
IMG020519142152.jpg,1.0,1.0
IMG020519142219.jpg,1.0,1.0
IMG020519142221.jpg,1.0,1.0
IMG020519142315.jpg,1.0,1.0
IMG020519142317.jpg,1.0,1.0
IMG020519142423.jpg,1.0,1.0
IMG020519142425.jpg,1.0,1.0
IMG020519142442.jpg,1.0,1.0
IMG020519142444.jpg,1.0,1.0
IMG020519142516.jpg,1.0,1.0
IMG020519142519.jpg,1.0,1.0
IMG020519142550.jpg,1.0,1.0
IMG020519142554.jpg,1.0,1.0
IMG020519142556.jpg,1.0,1.0
IMG020519142713.jpg,1.0,1.0
IMG020519142715.jpg,1.0,1.0
IMG020519142839.jpg,1.0,1.0
IMG020519142841.jpg,1.0,1.0
IMG020519142931.jpg,1.0,1.0
IMG020519142934.jpg,1.0,1.0
IMG020519143218.jpg,1.0,1.0
IMG020519143220.jpg,1.0,1.0
IMG020519145051.jpg,1.0,1.0
IMG020519145055.jpg,1.0,1.0
IMG020519145057.jpg,1.0,1.0
IMG020519145112.jpg,1.0,1.0
IMG020519145115.jpg,1.0,1.0
IMG020519145117.jpg,1.0,1.0
IMG020519145140.jpg,1.0,1.0
IMG020519145143.jpg,1.0,1.0
IMG020519145145.jpg,1.0,1.0
IMG020519145146.jpg,1.0,1.0
IMG020519145201.jpg,1.0,1.0
IMG020519145203.jpg,1.0,1.0
IMG020519145217.jpg,1.0,1.0
IMG020519145220.jpg,1.0,1.0
IMG020519145222.jpg,1.0,1.0
IMG020519145243.jpg,1.0,1.0
IMG020519145245.jpg,1.0,1.0
IMG020519145259.jpg,1.0,1.0
IMG020519145301.jpg,1.0,1.0
IMG020519145334.jpg,1.0,1.0
IMG020519145336.jpg,1.0,1.0
IMG020519145350.jpg,1.0,1.0
IMG020519145354.jpg,1.0,1.0
IMG020519145355.jpg,1.0,1.0
IMG020519145426.jpg,1.0,1.0
IMG020519145429.jpg,1.0,1.0
IMG020519145432.jpg,1.0,1.0
IMG020519145434.jpg,1.0,1.0
IMG020519145448.jpg,1.0,1.0
IMG020519145450.jpg,1.0,1.0
IMG020519145507.jpg,1.0,1.0
IMG020519145510.jpg,1.0,1.0
IMG020519145513.jpg,1.0,1.0
IMG020519145515.jpg,1.0,1.0
IMG020519145532.jpg,1.0,1.0
IMG020519145534.jpg,1.0,1.0
IMG020519145547.jpg,1.0,1.0
IMG020519145549.jpg,1.0,1.0
IMG020519145610.jpg,1.0,1.0
IMG020519145612.jpg,1.0,1.0
IMG020519145613.jpg,1.0,1.0
IMG020519145615.jpg,1.0,1.0
IMG020519145629.jpg,1.0,1.0
IMG020519145631.jpg,1.0,1.0
IMG020519145725.jpg,1.0,1.0
IMG020519145727.jpg,1.0,1.0
IMG020519145741.jpg,1.0,1.0
IMG020519145743.jpg,1.0,1.0
IMG020519145819.jpg,1.0,1.0
IMG020519145821.jpg,1.0,1.0
IMG020519145837.jpg,1.0,1.0
IMG020519145840.jpg,1.0,1.0
IMG020519145842.jpg,1.0,1.0
IMG020519145900.jpg,1.0,1.0
IMG020519145902.jpg,1.0,1.0
IMG020519145918.jpg,1.0,1.0
IMG020519145920.jpg,1.0,1.0
IMG020519145946.jpg,1.0,1.0
IMG020519145949.jpg,1.0,1.0
IMG020519145951.jpg,1.0,1.0
IMG020519150005.jpg,1.0,1.0
IMG020519150007.jpg,1.0,1.0
IMG020519150057.jpg,1.0,1.0
IMG020519150059.jpg,1.0,1.0
IMG020519150235.jpg,1.0,1.0
IMG020519150237.jpg,1.0,1.0
IMG020519150256.jpg,1.0,1.0
IMG020519150259.jpg,1.0,1.0
IMG020519150301.jpg,1.0,1.0
IMG020519150315.jpg,1.0,1.0
IMG020519150317.jpg,1.0,1.0
IMG020519150344.jpg,1.0,1.0
IMG020519150346.jpg,1.0,1.0
IMG020519150401.jpg,1.0,1.0
IMG020519150405.jpg,1.0,1.0
IMG020519150407.jpg,1.0,1.0
IMG020519150509.jpg,1.0,1.0
IMG020519150511.jpg,1.0,1.0
IMG020519150529.jpg,1.0,1.0
IMG020519150531.jpg,1.0,1.0
IMG020519150640.jpg,1.0,1.0
IMG020519150642.jpg,1.0,1.0
IMG020519150702.jpg,1.0,1.0
IMG020519150705.jpg,1.0,1.0
IMG020519150707.jpg,1.0,1.0
IMG020519150722.jpg,1.0,1.0
IMG020519150724.jpg,1.0,1.0
IMG020519150742.jpg,1.0,1.0
IMG020519150745.jpg,1.0,1.0
IMG020519150805.jpg,1.0,1.0
IMG020519150822.jpg,1.0,1.0
IMG020519150825.jpg,1.0,1.0
IMG020519150827.jpg,1.0,1.0
IMG020519150841.jpg,1.0,1.0
IMG020519150843.jpg,1.0,1.0
IMG020519150900.jpg,1.0,1.0
IMG020519150903.jpg,1.0,1.0
IMG020519150905.jpg,1.0,1.0
IMG020519151008.jpg,1.0,1.0
IMG020519151010.jpg,1.0,1.0
IMG020519151052.jpg,1.0,1.0
IMG020519151054.jpg,1.0,1.0
IMG020519151114.jpg,1.0,1.0
IMG020519151116.jpg,1.0,1.0
IMG020519151130.jpg,1.0,1.0
IMG020519151133.jpg,1.0,1.0
IMG020519151135.jpg,1.0,1.0
IMG020519151152.jpg,1.0,1.0
IMG020519151154.jpg,1.0,1.0
IMG020519151210.jpg,1.0,1.0
IMG020519151212.jpg,1.0,1.0
IMG020519151241.jpg,1.0,1.0
IMG020519151243.jpg,1.0,1.0
IMG020519151259.jpg,1.0,1.0
IMG020519151301.jpg,1.0,1.0
IMG020519151352.jpg,1.0,1.0
IMG020519151354.jpg,1.0,1.0
IMG020519151430.jpg,1.0,1.0
IMG020519151432.jpg,1.0,1.0
IMG020519151501.jpg,1.0,1.0
IMG020519151504.jpg,1.0,1.0
IMG020519151506.jpg,1.0,1.0
IMG020519151521.jpg,1.0,1.0
IMG020519151523.jpg,1.0,1.0
IMG020519151543.jpg,1.0,1.0
IMG020519151547.jpg,1.0,1.0
IMG020519151549.jpg,1.0,1.0
IMG020519151605.jpg,1.0,1.0
IMG020519151607.jpg,1.0,1.0
IMG020519151635.jpg,1.0,1.0
IMG020519151637.jpg,1.0,1.0
IMG020519151653.jpg,1.0,1.0
IMG020519151656.jpg,1.0,1.0
IMG020519151658.jpg,1.0,1.0
IMG020519151755.jpg,1.0,1.0
IMG020519151757.jpg,1.0,1.0
IMG020519151837.jpg,1.0,1.0
IMG020519151921.jpg,1.0,1.0
IMG020519151923.jpg,1.0,1.0
IMG020519152004.jpg,1.0,1.0
IMG020519152007.jpg,1.0,1.0
IMG020519152009.jpg,1.0,1.0
IMG020519152831.jpg,1.0,1.0
IMG020519152833.jpg,1.0,1.0
IMG020519152848.jpg,1.0,1.0
IMG020519152850.jpg,1.0,1.0
IMG020519152912.jpg,1.0,1.0
IMG020519152915.jpg,1.0,1.0
IMG020519152918.jpg,1.0,1.0
IMG020519152934.jpg,1.0,1.0
IMG020519152936.jpg,1.0,1.0
IMG020519153014.jpg,1.0,1.0
IMG020519153017.jpg,1.0,1.0
IMG020519153102.jpg,1.0,1.0
IMG020519153105.jpg,1.0,1.0
IMG020519153158.jpg,1.0,1.0
IMG020519153200.jpg,1.0,1.0
IMG020519153234.jpg,1.0,1.0
IMG020519153236.jpg,1.0,1.0
IMG020519153258.jpg,1.0,1.0
IMG020519153300.jpg,1.0,1.0
IMG020519153323.jpg,1.0,1.0
IMG020519153325.jpg,1.0,1.0
IMG020519153500.jpg,1.0,1.0
IMG020519153502.jpg,1.0,1.0
IMG020519153541.jpg,1.0,1.0
IMG020519153544.jpg,1.0,1.0
IMG020519153826.jpg,1.0,1.0
IMG020519153829.jpg,1.0,1.0
IMG020519153831.jpg,1.0,1.0
IMG020519153846.jpg,1.0,1.0
IMG020519153849.jpg,1.0,1.0
IMG020519153906.jpg,1.0,1.0
IMG020519153908.jpg,1.0,1.0
IMG020519153937.jpg,1.0,1.0
IMG020519153939.jpg,1.0,1.0
IMG020519154021.jpg,1.0,1.0
IMG020519154024.jpg,1.0,1.0
IMG020519154056.jpg,1.0,1.0
IMG020519154058.jpg,1.0,1.0
IMG020519154126.jpg,1.0,1.0
IMG020519154128.jpg,1.0,1.0
IMG020519154201.jpg,1.0,1.0
IMG020519154203.jpg,1.0,1.0
IMG020519154220.jpg,1.0,1.0
IMG020519154222.jpg,1.0,1.0
IMG020519154243.jpg,1.0,1.0
IMG020519154245.jpg,1.0,1.0
IMG020519154331.jpg,1.0,1.0
IMG020519154333.jpg,1.0,1.0
IMG020519154420.jpg,1.0,1.0
IMG020519154423.jpg,1.0,1.0
IMG020519154425.jpg,1.0,1.0
IMG020519154427.jpg,1.0,1.0
IMG020519154700.jpg,1.0,1.0
IMG020519154702.jpg,1.0,1.0
IMG020519154724.jpg,1.0,1.0
IMG020519154726.jpg,1.0,1.0
IMG020519154752.jpg,1.0,1.0
IMG020519154754.jpg,1.0,1.0
IMG020519154817.jpg,1.0,1.0
IMG020519154819.jpg,1.0,1.0
IMG020519154842.jpg,1.0,1.0
IMG020519154844.jpg,1.0,1.0
IMG020519154944.jpg,1.0,1.0
IMG020519154946.jpg,1.0,1.0
IMG020519155017.jpg,1.0,1.0
IMG020519155019.jpg,1.0,1.0
IMG020519155047.jpg,1.0,1.0
IMG020519155049.jpg,1.0,1.0
IMG020519155209.jpg,1.0,1.0
IMG020519155211.jpg,1.0,1.0
IMG020519155234.jpg,1.0,1.0
IMG020519155236.jpg,1.0,1.0
IMG020519155345.jpg,1.0,1.0
IMG020519155348.jpg,1.0,1.0
IMG020519155415.jpg,1.0,1.0
IMG020519155419.jpg,1.0,1.0
IMG020519155421.jpg,1.0,1.0
IMG020519155502.jpg,1.0,1.0
IMG020519155505.jpg,1.0,1.0
IMG020519155533.jpg,1.0,1.0
IMG020519155535.jpg,1.0,1.0
IMG020519155748.jpg,1.0,1.0
IMG020519155751.jpg,1.0,1.0
IMG020519155753.jpg,1.0,1.0
IMG020519155808.jpg,1.0,1.0
IMG020519155810.jpg,1.0,1.0
IMG020519155901.jpg,1.0,1.0
IMG020519155905.jpg,1.0,1.0
IMG020519155907.jpg,1.0,1.0
IMG020519155935.jpg,1.0,1.0
IMG020519155937.jpg,1.0,1.0
IMG020519160005.jpg,1.0,1.0
IMG020519160008.jpg,1.0,1.0
IMG020519160100.jpg,1.0,1.0
IMG020519160103.jpg,1.0,1.0
IMG020519160131.jpg,1.0,1.0
IMG020519160133.jpg,1.0,1.0
IMG020519160335.jpg,1.0,1.0
IMG020519160337.jpg,1.0,1.0
IMG020519160444.jpg,1.0,1.0
IMG020519160446.jpg,1.0,1.0
IMG020519160514.jpg,1.0,1.0
