IMG040219095927.jpg,-1,-1
IMG040219095930.jpg,-1,-1
IMG040219095934.jpg,720,397
IMG040219100007.jpg,662,608
IMG040219100010.jpg,662,603
IMG040219100012.jpg,611,553
IMG040219100029.jpg,708,438
IMG040219100033.jpg,708,425
IMG040219100036.jpg,708,420
IMG040219101653.jpg,680,278
IMG040219101658.jpg,680,269
IMG040219101703.jpg,680,260
IMG040219101736.jpg,531,534
IMG040219101738.jpg,508,480
IMG040219101802.jpg,634,580
IMG040219101805.jpg,354,512
IMG040219101842.jpg,645,416
IMG040219101846.jpg,645,406
IMG040219101849.jpg,640,402
IMG040219102104.jpg,680,612
IMG040219102107.jpg,411,530
IMG040219102145.jpg,594,512
IMG040219102147.jpg,588,448
IMG040219102503.jpg,697,644
IMG040219102505.jpg,645,603
IMG040219102547.jpg,668,480
IMG040219102552.jpg,657,475
IMG040219102554.jpg,428,246
IMG040219102633.jpg,685,603
IMG040219102636.jpg,685,603
IMG040219102640.jpg,680,598
IMG040219102642.jpg,645,557
IMG040219102712.jpg,657,397
IMG040219102715.jpg,445,141
IMG040219102717.jpg,651,384
IMG040219102720.jpg,451,141
IMG040219102722.jpg,651,374
IMG040219102725.jpg,451,146
IMG040219102750.jpg,685,630
IMG040219102753.jpg,377,644
IMG040219102831.jpg,577,507
IMG040219102834.jpg,365,242
IMG040219102836.jpg,571,493
IMG040219102839.jpg,365,246
IMG040219103046.jpg,622,480
IMG040219103048.jpg,565,438
IMG040219103254.jpg,674,603
IMG040219103258.jpg,668,603
IMG040219103301.jpg,674,594
IMG040219103423.jpg,685,621
IMG040219103426.jpg,685,617
IMG040219103430.jpg,685,612
IMG040319080000.jpg,634,534
IMG040319080002.jpg,565,480
IMG040319080052.jpg,680,598
IMG040319080054.jpg,628,566
IMG040319080243.jpg,702,681
IMG040319080245.jpg,537,585
IMG040319083110.jpg,674,621
IMG040319083112.jpg,571,548
IMG040319083853.jpg,497,662
IMG040319083856.jpg,348,498
IMG040319084111.jpg,497,662
IMG040319084114.jpg,314,507
IMG040319084338.jpg,794,781
IMG040319084340.jpg,731,763
IMG040319084358.jpg,748,361
IMG040319084400.jpg,685,283
IMG040319085516.jpg,662,489
IMG040319085518.jpg,680,425
IMG040319085536.jpg,680,630
IMG040319085539.jpg,600,571
IMG040319085605.jpg,720,448
IMG040319085608.jpg,668,416
IMG040319085632.jpg,754,667
IMG040319085635.jpg,754,667
IMG040319085637.jpg,702,640
IMG040319085703.jpg,622,589
IMG040319085706.jpg,371,310
IMG040319085738.jpg,617,544
IMG040319085741.jpg,542,379
IMG040319085840.jpg,571,676
IMG040319085843.jpg,308,342
IMG040319085915.jpg,714,713
IMG040319085918.jpg,531,544
IMG040319085950.jpg,525,708
IMG040319085952.jpg,457,653
IMG040319090039.jpg,702,653
IMG040319090042.jpg,651,630
IMG040319090109.jpg,645,608
IMG040319090112.jpg,645,402
IMG040319090215.jpg,702,598
IMG040319090218.jpg,514,589
IMG040319090250.jpg,634,672
IMG040319090252.jpg,600,644
IMG040319090318.jpg,680,621
IMG040319090321.jpg,520,461
IMG040319090352.jpg,640,580
IMG040319090354.jpg,611,525
IMG040319090415.jpg,742,608
IMG040319090417.jpg,674,585
IMG040319090438.jpg,680,466
IMG040319090440.jpg,645,452
IMG040319090458.jpg,725,708
IMG040319090500.jpg,674,653
IMG040319090554.jpg,691,580
IMG040319090556.jpg,634,553
IMG040319090626.jpg,680,480
IMG040319090629.jpg,422,214
IMG040319090705.jpg,708,658
IMG040319090708.jpg,645,608
IMG040319090748.jpg,657,534
IMG040319090751.jpg,491,475
IMG040319090904.jpg,548,694
IMG040319090907.jpg,480,653
IMG040319090953.jpg,622,571
IMG040319090955.jpg,582,539
IMG040319091039.jpg,668,553
IMG040319091041.jpg,628,452
IMG040319091118.jpg,651,448
IMG040319091121.jpg,571,416
IMG040319091233.jpg,737,644
IMG040319091238.jpg,634,676
IMG040319091240.jpg,725,585
IMG040319091353.jpg,662,585
IMG040319091355.jpg,548,420
IMG040319091538.jpg,502,630
IMG040319091540.jpg,320,438
IMG040319091652.jpg,725,489
IMG040319091654.jpg,714,425
IMG040319091737.jpg,657,461
IMG040319091739.jpg,617,438
IMG040319091822.jpg,554,644
IMG040319091824.jpg,491,580
IMG040319091912.jpg,651,502
IMG040319091914.jpg,611,470
IMG040319092058.jpg,531,722
IMG040319092101.jpg,331,507
IMG040319092153.jpg,531,722
IMG040319092156.jpg,331,507
IMG040319092321.jpg,680,498
IMG040319092324.jpg,571,361
IMG040319092423.jpg,674,457
IMG040319092426.jpg,600,406
IMG040319092512.jpg,651,438
IMG040319092514.jpg,634,388
IMG040319092601.jpg,668,493
IMG040319092603.jpg,611,425
IMG040319092648.jpg,674,498
IMG040319092651.jpg,674,489
IMG040319092654.jpg,640,475
IMG040319092925.jpg,731,393
IMG040319092927.jpg,640,301
IMG040319093046.jpg,634,480
IMG040319093049.jpg,502,365
IMG040319093740.jpg,725,704
IMG040319093742.jpg,697,662
IMG040319093856.jpg,680,475
IMG040319093859.jpg,571,361
IMG040319093931.jpg,657,507
IMG040319093933.jpg,611,457
IMG040319094029.jpg,634,544
IMG040319094033.jpg,634,530
IMG040319094036.jpg,520,434
IMG040319094108.jpg,771,745
IMG040319094110.jpg,697,676
IMG040319094140.jpg,640,470
IMG040319094142.jpg,600,402
IMG040319094209.jpg,725,644
IMG040319094211.jpg,662,603
IMG040319094229.jpg,702,525
IMG040319094231.jpg,674,489
IMG040319094318.jpg,662,548
IMG040319094320.jpg,622,498
IMG040319094359.jpg,708,493
IMG040319094401.jpg,674,448
IMG040319094534.jpg,662,475
IMG040319094537.jpg,531,283
IMG040319094639.jpg,525,630
IMG040319094642.jpg,428,498
IMG040319094736.jpg,680,379
IMG040319094738.jpg,651,301
IMG040319094813.jpg,657,493
IMG040319094815.jpg,628,457
IMG040319094850.jpg,657,434
IMG040319094852.jpg,622,370
IMG040319094926.jpg,651,411
IMG040319094929.jpg,634,379
IMG040319095048.jpg,685,352
IMG040319095051.jpg,600,274
IMG040319095154.jpg,600,512
IMG040319095157.jpg,502,384
IMG040319095245.jpg,628,512
IMG040319095248.jpg,622,443
IMG040319095323.jpg,674,475
IMG040319095325.jpg,657,425
IMG040319095406.jpg,702,342
IMG040319095408.jpg,685,269
IMG040319095448.jpg,617,512
IMG040319095450.jpg,594,438
IMG040319095452.jpg,617,502
IMG040319095454.jpg,600,443
IMG040319095717.jpg,651,521
IMG040319095720.jpg,502,347
IMG040319095837.jpg,657,553
IMG040319095840.jpg,594,448
IMG040319095938.jpg,674,498
IMG040319095940.jpg,560,434
IMG040319100022.jpg,697,516
IMG040319100025.jpg,657,480
IMG040319100026.jpg,691,512
IMG040319100028.jpg,662,480
IMG040319100117.jpg,674,525
IMG040319100119.jpg,617,438
IMG040319100230.jpg,691,406
IMG040319100232.jpg,651,393
IMG040319104222.jpg,691,562
IMG040319104227.jpg,685,566
IMG040319104229.jpg,462,603
IMG040319104316.jpg,554,612
IMG040319104318.jpg,434,475
IMG040319104354.jpg,674,548
IMG040319104358.jpg,668,548
IMG040319104401.jpg,480,544
IMG040319104432.jpg,720,438
IMG040319104435.jpg,594,310
IMG040319104508.jpg,748,708
IMG040319104510.jpg,702,667
IMG040319104536.jpg,702,480
IMG040319104538.jpg,634,406
IMG040319104556.jpg,725,694
IMG040319104558.jpg,691,644
IMG040319104617.jpg,668,502
IMG040319104620.jpg,617,457
IMG040319104646.jpg,725,612
IMG040319104648.jpg,685,576
IMG040319104706.jpg,674,548
IMG040319104708.jpg,628,466
IMG040319104732.jpg,742,704
IMG040319104734.jpg,731,649
IMG040319104752.jpg,685,470
IMG040319104754.jpg,645,461
IMG040319104842.jpg,731,594
IMG040319104846.jpg,725,598
IMG040319104849.jpg,468,694
IMG040319104933.jpg,560,594
IMG040319104936.jpg,491,484
IMG040319105008.jpg,725,644
IMG040319105011.jpg,520,461
IMG040319105043.jpg,651,525
IMG040319105045.jpg,514,420
IMG040319105118.jpg,754,653
IMG040319105120.jpg,680,635
IMG040319105139.jpg,742,448
IMG040319105141.jpg,714,379
IMG040319105204.jpg,782,772
IMG040319105206.jpg,742,704
IMG040319105223.jpg,628,484
IMG040319105226.jpg,594,434
IMG040319105252.jpg,817,845
IMG040319105254.jpg,765,777
IMG040319105314.jpg,560,640
IMG040319105316.jpg,571,713
IMG040319105337.jpg,731,690
IMG040319105339.jpg,668,649
IMG040319105359.jpg,640,530
IMG040319105401.jpg,605,475
IMG040319105511.jpg,702,598
IMG040319105514.jpg,525,553
IMG040319105609.jpg,560,676
IMG040319105612.jpg,411,553
IMG040319105644.jpg,731,672
IMG040319105648.jpg,725,672
IMG040319105651.jpg,600,553
IMG040319105723.jpg,708,416
IMG040319105725.jpg,588,310
IMG040319105758.jpg,748,694
IMG040319105800.jpg,685,676
IMG040319105820.jpg,628,502
IMG040319105822.jpg,565,388
IMG040319105841.jpg,765,754
IMG040319105843.jpg,708,694
IMG040319105905.jpg,680,402
IMG040319105908.jpg,691,406
IMG040319105910.jpg,634,342
IMG040319105939.jpg,760,717
IMG040319105941.jpg,708,658
IMG040319110003.jpg,674,521
IMG040319110006.jpg,611,484
IMG040319110028.jpg,708,585
IMG040319110030.jpg,640,566
IMG040319110048.jpg,657,608
IMG040319110050.jpg,611,557
IMG040319110151.jpg,748,608
IMG040319110154.jpg,588,585
IMG040319110226.jpg,651,635
IMG040319110228.jpg,594,475
IMG040319110257.jpg,731,685
IMG040319110301.jpg,725,681
IMG040319110304.jpg,577,548
IMG040319110403.jpg,754,708
IMG040319110405.jpg,680,681
IMG040319110444.jpg,760,768
IMG040319110447.jpg,714,736
IMG040319110532.jpg,782,704
IMG040319110535.jpg,777,704
IMG040319110537.jpg,725,685
IMG040319110635.jpg,731,749
IMG040319110638.jpg,680,681
IMG040319111235.jpg,777,640
IMG040319111238.jpg,600,603
IMG040319111335.jpg,714,653
IMG040319111337.jpg,594,553
IMG040319111415.jpg,622,672
IMG040319111418.jpg,468,493
IMG040319111450.jpg,754,690
IMG040319111452.jpg,662,658
IMG040319111620.jpg,622,612
IMG040319111622.jpg,600,411
IMG040319111655.jpg,742,681
IMG040319111657.jpg,691,635
IMG040319111722.jpg,554,608
IMG040319111724.jpg,480,598
IMG040319111751.jpg,748,690
IMG040319111754.jpg,0,1019
IMG040319111756.jpg,748,685
IMG040319111759.jpg,0,987
IMG040319111801.jpg,742,681
IMG040319111803.jpg,0,768
IMG040319111814.jpg,714,512
IMG040319111817.jpg,708,498
IMG040319111819.jpg,674,466
IMG040319111837.jpg,748,704
IMG040319111840.jpg,702,653
IMG040319111901.jpg,605,594
IMG040319111903.jpg,548,516
IMG040319111921.jpg,794,694
IMG040319111925.jpg,794,694
IMG040319111927.jpg,731,672
IMG040319111948.jpg,674,429
IMG040319111950.jpg,640,384
IMG040319112102.jpg,714,672
IMG040319112105.jpg,537,644
IMG040319112205.jpg,777,731
IMG040319112208.jpg,662,612
IMG040319112305.jpg,742,690
IMG040319112307.jpg,680,644
IMG040319112349.jpg,794,772
IMG040319112351.jpg,731,731
IMG040319112435.jpg,771,736
IMG040319112438.jpg,702,699
IMG040319112518.jpg,805,754
IMG040319112521.jpg,737,681
IMG040319112632.jpg,617,548
IMG040319112635.jpg,617,493
IMG040319112737.jpg,548,649
IMG040319112740.jpg,554,425
IMG040319112839.jpg,685,438
IMG040319112841.jpg,668,374
IMG040319112928.jpg,645,512
IMG040319112930.jpg,651,448
IMG040319113020.jpg,708,388
IMG040319113023.jpg,708,379
IMG040319113026.jpg,691,342
IMG040319113111.jpg,662,402
IMG040319113113.jpg,657,361
IMG040319113304.jpg,520,635
IMG040319113307.jpg,360,489
IMG040319113405.jpg,565,690
IMG040319113408.jpg,537,466
IMG040319113504.jpg,697,493
IMG040319113506.jpg,662,416
IMG040319113548.jpg,651,493
IMG040319113550.jpg,600,461
IMG040319113630.jpg,680,507
IMG040319113632.jpg,657,448
IMG040319113716.jpg,662,498
IMG040319113718.jpg,617,475
IMG040319113856.jpg,600,589
IMG040319113858.jpg,434,402
IMG040319114006.jpg,702,384
IMG040319114009.jpg,468,406
IMG040319114106.jpg,617,489
IMG040319114108.jpg,594,429
IMG040319114111.jpg,622,480
IMG040319114113.jpg,600,429
IMG040319114158.jpg,708,365
IMG040319114200.jpg,662,320
IMG040319114245.jpg,622,534
IMG040319114247.jpg,605,475
IMG040319114328.jpg,674,438
IMG040319114330.jpg,617,393
IMG040319114712.jpg,542,608
IMG040319114715.jpg,445,525
IMG040319114839.jpg,685,475
IMG040319114842.jpg,525,269
IMG040319114942.jpg,771,562
IMG040319114944.jpg,725,516
IMG040319115023.jpg,634,525
IMG040319115026.jpg,628,521
IMG040319115028.jpg,605,493
IMG040319115114.jpg,605,603
IMG040319115116.jpg,520,507
IMG040319115156.jpg,691,493
IMG040319115158.jpg,657,461
IMG040319115402.jpg,554,585
IMG040319115405.jpg,542,507
IMG040319115407.jpg,554,576
IMG040319115410.jpg,548,502
IMG040319115511.jpg,685,470
IMG040319115516.jpg,685,470
IMG040319115518.jpg,520,434
IMG040319115615.jpg,674,521
IMG040319115617.jpg,611,480
IMG040319115655.jpg,617,603
IMG040319115657.jpg,588,553
IMG040319115738.jpg,582,585
IMG040319115740.jpg,520,457
IMG040319115743.jpg,577,571
IMG040319115745.jpg,542,507
IMG040319115818.jpg,611,548
IMG040319115820.jpg,577,516
IMG040319131158.jpg,662,544
IMG040319131201.jpg,428,553
IMG040319131232.jpg,560,608
IMG040319131235.jpg,422,434
IMG040319131307.jpg,697,608
IMG040319131310.jpg,548,461
IMG040319131427.jpg,651,534
IMG040319131430.jpg,497,457
IMG040319131537.jpg,582,502
IMG040319131539.jpg,520,489
IMG040319131557.jpg,725,507
IMG040319131559.jpg,680,434
IMG040319131619.jpg,737,754
IMG040319131621.jpg,691,704
IMG040319131647.jpg,651,480
IMG040319131650.jpg,651,475
IMG040319131653.jpg,622,443
IMG040319131713.jpg,640,612
IMG040319131716.jpg,594,557
IMG040319131734.jpg,697,461
IMG040319131736.jpg,651,374
IMG040319131803.jpg,662,617
IMG040319131805.jpg,605,589
IMG040319131823.jpg,628,557
IMG040319131825.jpg,600,512
IMG040319131920.jpg,708,608
IMG040319131923.jpg,542,544
IMG040319132011.jpg,588,630
IMG040319132014.jpg,582,566
IMG040319132109.jpg,645,589
IMG040319132112.jpg,525,475
IMG040319132144.jpg,634,498
IMG040319132146.jpg,548,347
IMG040319132219.jpg,674,576
IMG040319132221.jpg,611,534
IMG040319132242.jpg,674,475
IMG040319132244.jpg,662,429
IMG040319132303.jpg,662,594
IMG040319132305.jpg,617,539
IMG040319132323.jpg,565,630
IMG040319132325.jpg,594,548
IMG040319132350.jpg,691,690
IMG040319132352.jpg,634,630
IMG040319132421.jpg,680,443
IMG040319132423.jpg,645,384
IMG040319132443.jpg,622,502
IMG040319132445.jpg,525,489
IMG040319132513.jpg,697,388
IMG040319132516.jpg,645,292
IMG040319132553.jpg,640,562
IMG040319132556.jpg,588,434
IMG040319132712.jpg,651,498
IMG040319132715.jpg,617,425
IMG040319132749.jpg,748,726
IMG040319132754.jpg,748,717
IMG040319132756.jpg,542,521
IMG040319132828.jpg,600,534
IMG040319132832.jpg,600,521
IMG040319132835.jpg,502,402
IMG040319132908.jpg,737,617
IMG040319132910.jpg,680,580
IMG040319132932.jpg,651,457
IMG040319132934.jpg,571,384
IMG040319133020.jpg,640,612
IMG040319133022.jpg,588,562
IMG040319133025.jpg,640,612
IMG040319133027.jpg,588,566
IMG040319133123.jpg,617,502
IMG040319133125.jpg,588,461
IMG040319133143.jpg,685,658
IMG040319133145.jpg,622,603
IMG040319133214.jpg,685,580
IMG040319133216.jpg,662,530
IMG040319133322.jpg,680,402
IMG040319133326.jpg,680,384
IMG040319133328.jpg,640,329
IMG040319133330.jpg,680,379
IMG040319133333.jpg,645,338
IMG040319133351.jpg,657,589
IMG040319133353.jpg,605,548
IMG040319133442.jpg,725,393
IMG040319133444.jpg,708,324
IMG040319133531.jpg,731,612
IMG040319133533.jpg,520,608
IMG040319133640.jpg,708,438
IMG040319133642.jpg,628,260
IMG040319133715.jpg,662,562
IMG040319133717.jpg,577,475
IMG040319133749.jpg,714,475
IMG040319133751.jpg,691,406
IMG040319133816.jpg,685,612
IMG040319133818.jpg,611,562
IMG040319133836.jpg,634,493
IMG040319133838.jpg,657,420
IMG040319133900.jpg,725,699
IMG040319133903.jpg,680,662
IMG040319133921.jpg,622,457
IMG040319133923.jpg,617,393
IMG040319133947.jpg,708,594
IMG040319133950.jpg,640,576
IMG040319134010.jpg,634,480
IMG040319134012.jpg,645,420
IMG040319134036.jpg,600,553
IMG040319134038.jpg,565,502
IMG040319134524.jpg,600,685
IMG040319134527.jpg,582,626
IMG040319134559.jpg,600,493
IMG040319134602.jpg,400,475
IMG040319134604.jpg,594,493
IMG040319134607.jpg,411,475
IMG040319134639.jpg,674,457
IMG040319134641.jpg,565,315
IMG040319134714.jpg,622,544
IMG040319134716.jpg,485,443
IMG040319134748.jpg,628,571
IMG040319134750.jpg,588,498
IMG040319134812.jpg,737,676
IMG040319134814.jpg,668,681
IMG040319134836.jpg,657,534
IMG040319134839.jpg,628,489
IMG040319134858.jpg,720,699
IMG040319134900.jpg,668,662
IMG040319134923.jpg,708,384
IMG040319134926.jpg,320,210
IMG040319134949.jpg,714,640
IMG040319134952.jpg,657,617
IMG040319135009.jpg,662,448
IMG040319135012.jpg,645,402
IMG040319135040.jpg,725,713
IMG040319135042.jpg,680,676
IMG040319135128.jpg,537,644
IMG040319135131.jpg,411,530
IMG040319135211.jpg,765,676
IMG040319135216.jpg,771,681
IMG040319135220.jpg,754,685
IMG040319135236.jpg,548,676
IMG040319135239.jpg,428,534
IMG040319135311.jpg,662,594
IMG040319135316.jpg,662,598
IMG040319135318.jpg,474,566
IMG040319135419.jpg,525,635
IMG040319135422.jpg,422,489
IMG040319135454.jpg,657,571
IMG040319135457.jpg,480,429
IMG040319135529.jpg,697,370
IMG040319135531.jpg,657,301
IMG040319135559.jpg,617,544
IMG040319135601.jpg,571,498
IMG040319135623.jpg,668,457
IMG040319135626.jpg,628,411
IMG040319135821.jpg,708,512
IMG040319135823.jpg,628,507
IMG040319135842.jpg,714,713
IMG040319135844.jpg,685,658
IMG040319135904.jpg,611,525
IMG040319135906.jpg,565,489
IMG040319135927.jpg,754,704
IMG040319135929.jpg,714,640
IMG040319141047.jpg,720,384
IMG040319141056.jpg,571,251
IMG040319141349.jpg,617,525
IMG040319141351.jpg,594,502
IMG040319141409.jpg,622,534
IMG040319141412.jpg,514,434
IMG040319141517.jpg,634,507
IMG040319141519.jpg,502,429
IMG040319141608.jpg,588,525
IMG040319141611.jpg,474,434
IMG040319141643.jpg,640,585
IMG040319141646.jpg,497,475
IMG040319141718.jpg,657,507
IMG040319141720.jpg,588,434
IMG040319141757.jpg,628,562
IMG040319141800.jpg,542,525
IMG040319141817.jpg,640,489
IMG040319141819.jpg,605,420
IMG040319141911.jpg,617,603
IMG040319141913.jpg,565,544
IMG040319141931.jpg,731,548
IMG040319141933.jpg,680,470
IMG040319142029.jpg,611,443
IMG040319142031.jpg,548,411
IMG040319142130.jpg,674,507
IMG040319142133.jpg,640,489
IMG040319142151.jpg,600,603
IMG040319142153.jpg,520,480
IMG040319142314.jpg,731,502
IMG040319142317.jpg,634,393
IMG040319142423.jpg,657,470
IMG040319142425.jpg,565,333
IMG040319142524.jpg,691,507
IMG040319142526.jpg,657,448
IMG040319142612.jpg,668,484
IMG040319142614.jpg,622,434
IMG040319142703.jpg,714,484
IMG040319142705.jpg,662,420
IMG040319142751.jpg,702,470
IMG040319142755.jpg,697,461
IMG040319142757.jpg,651,425
IMG040319143205.jpg,657,534
IMG040319143208.jpg,514,370
IMG040319161138.jpg,788,690
IMG040319161141.jpg,611,694
IMG040319161212.jpg,594,562
IMG040319161215.jpg,497,489
IMG040319161247.jpg,640,512
IMG040319161250.jpg,411,283
IMG040319161321.jpg,588,452
IMG040319161324.jpg,565,406
IMG040319161343.jpg,742,594
IMG040319161345.jpg,685,548
IMG040319161405.jpg,657,434
IMG040319161408.jpg,657,425
IMG040319161411.jpg,634,397
IMG040319161429.jpg,765,795
IMG040319161431.jpg,714,731
IMG040319161454.jpg,622,516
IMG040319161457.jpg,548,470
IMG040319161515.jpg,714,630
IMG040319161517.jpg,645,585
IMG040319161537.jpg,668,489
IMG040319161539.jpg,628,429
IMG040319161603.jpg,800,818
IMG040319161607.jpg,794,813
IMG040319161609.jpg,748,763
IMG040319161731.jpg,531,694
IMG040319161733.jpg,445,635
IMG040319161806.jpg,628,502
IMG040319161808.jpg,451,461
IMG040319161840.jpg,674,512
IMG040319161843.jpg,537,484
IMG040319161845.jpg,674,507
IMG040319161848.jpg,537,484
IMG040319161920.jpg,588,475
IMG040319161923.jpg,428,297
IMG040319162028.jpg,674,502
IMG040319162030.jpg,617,416
IMG040319162048.jpg,588,525
IMG040319162051.jpg,542,480
IMG040319162113.jpg,725,507
IMG040319162115.jpg,702,461
IMG040319162133.jpg,805,768
IMG040319162136.jpg,748,704
IMG040319162153.jpg,685,530
IMG040319162155.jpg,594,452
IMG040319162219.jpg,674,594
IMG040319162221.jpg,617,566
IMG040319162341.jpg,640,585
IMG040319162343.jpg,582,530
IMG040319162406.jpg,640,530
IMG040319162408.jpg,600,480
IMG040319162444.jpg,668,498
IMG040319162448.jpg,668,507
IMG040319162451.jpg,462,480
IMG040319162453.jpg,662,512
IMG040319162456.jpg,468,484
IMG040319162744.jpg,548,699
IMG040319162749.jpg,548,690
IMG040319162751.jpg,520,653
IMG040319163003.jpg,628,571
IMG040319163006.jpg,702,333
IMG040319163038.jpg,594,489
IMG040319163041.jpg,394,278
IMG040319163113.jpg,668,580
IMG040319163115.jpg,651,521
IMG040319163619.jpg,611,507
IMG040319163621.jpg,548,475
IMG040319163740.jpg,617,571
IMG040319163742.jpg,560,516
IMG040319163833.jpg,657,626
IMG040319163835.jpg,611,580
IMG040319163911.jpg,628,512
IMG040319163913.jpg,634,448
IMG040319164012.jpg,611,557
IMG040319164014.jpg,502,475
IMG040319164032.jpg,634,521
IMG040319164034.jpg,560,452
IMG040319164133.jpg,645,475
IMG040319164136.jpg,645,470
IMG040319164138.jpg,645,429
IMG040406032010.jpg,737,708
IMG040406032012.jpg,725,644
IMG040406032147.jpg,742,717
IMG040406032150.jpg,680,640
IMG040406032433.jpg,742,667
IMG040406032437.jpg,742,662
IMG040406032440.jpg,742,608
IMG040406033251.jpg,805,891
IMG040406033255.jpg,800,891
IMG040406033258.jpg,794,891
IMG040406033500.jpg,754,786
IMG040406033502.jpg,702,740
IMG040406033526.jpg,560,818
IMG040406033536.jpg,285,521
IMG040406033553.jpg,714,713
IMG040406033556.jpg,640,653
IMG040406033634.jpg,737,704
IMG040406033637.jpg,668,681
IMG040406033639.jpg,731,704
IMG040406033642.jpg,725,704
IMG040406033644.jpg,680,685
IMG040406033705.jpg,537,809
IMG040406033708.jpg,160,489
IMG040406033710.jpg,531,800
IMG040406033713.jpg,217,489
IMG040406033728.jpg,782,480
IMG040406033731.jpg,588,324
IMG040406033734.jpg,777,470
IMG040406033736.jpg,594,324
IMG040406033801.jpg,794,772
IMG040406033803.jpg,731,708
IMG040406033825.jpg,520,594
IMG040406033827.jpg,491,562
IMG040406033844.jpg,702,594
IMG040406033846.jpg,662,548
IMG040406033852.jpg,771,749
IMG040406033855.jpg,765,749
IMG040406033857.jpg,720,699
IMG040406033918.jpg,480,726
IMG040406033921.jpg,428,662
IMG040406033935.jpg,725,690
IMG040406033937.jpg,657,662
IMG040406033947.jpg,685,612
IMG040406033950.jpg,457,562
IMG040406034025.jpg,520,795
IMG040406034027.jpg,651,22
IMG040406034046.jpg,754,365
IMG040406034048.jpg,571,205
IMG040406034102.jpg,754,690
IMG040406034104.jpg,520,475
IMG040406034138.jpg,485,809
IMG040406034141.jpg,171,854
IMG040406034143.jpg,485,809
IMG040406034146.jpg,200,900
IMG040406034148.jpg,480,804
IMG040406034151.jpg,205,896
IMG040406034204.jpg,754,768
IMG040406034207.jpg,691,694
IMG040406034332.jpg,537,749
IMG040406034334.jpg,285,662
IMG040406034337.jpg,537,745
IMG040406034339.jpg,302,662
IMG040406034418.jpg,720,635
IMG040406034420.jpg,622,553
IMG040406034444.jpg,520,717
IMG040406034446.jpg,462,630
IMG040406034556.jpg,514,603
IMG040406034558.jpg,422,530
IMG040406034640.jpg,742,621
IMG040406034643.jpg,537,438
IMG040406034814.jpg,531,676
IMG040406034816.jpg,457,612
IMG040406034818.jpg,525,676
IMG040406034821.jpg,462,621
IMG040406034843.jpg,737,612
IMG040406034846.jpg,542,525
IMG040406034920.jpg,502,626
IMG040406034922.jpg,411,562
IMG040406034947.jpg,765,740
IMG040406034951.jpg,760,736
IMG040406034953.jpg,685,676
IMG040406035107.jpg,525,653
IMG040406035109.jpg,308,525
IMG040406035147.jpg,777,772
IMG040406035150.jpg,725,736
IMG040406035212.jpg,542,731
IMG040406035215.jpg,268,598
IMG040406035256.jpg,771,717
IMG040406035300.jpg,748,713
IMG040406035302.jpg,674,658
IMG040406035618.jpg,537,694
IMG040406035621.jpg,474,644
IMG040406035709.jpg,742,726
IMG040406035711.jpg,640,617
IMG040406035818.jpg,508,621
IMG040406035820.jpg,405,621
IMG040406035856.jpg,771,790
IMG040406035858.jpg,702,736
IMG040406035919.jpg,514,736
IMG040406035922.jpg,434,635
IMG040406040013.jpg,514,676
IMG040406040015.jpg,445,580
IMG040406040043.jpg,714,644
IMG040406040048.jpg,708,635
IMG040406040050.jpg,520,480
IMG040406040124.jpg,531,745
IMG040406040126.jpg,468,694
IMG040406040154.jpg,708,598
IMG040406040157.jpg,485,539
IMG040406040235.jpg,497,676
IMG040406040238.jpg,251,635
IMG040406040240.jpg,497,662
IMG040406040243.jpg,251,635
IMG040406040325.jpg,754,713
IMG040406040327.jpg,680,635
IMG040406040414.jpg,542,722
IMG040406040417.jpg,337,626
IMG040406040507.jpg,771,713
IMG040406040511.jpg,765,717
IMG040406040513.jpg,714,694
IMG040406040534.jpg,548,662
IMG040406040538.jpg,542,658
IMG040406040541.jpg,297,530
IMG040406040617.jpg,754,694
IMG040406040619.jpg,657,681
IMG040406040647.jpg,520,608
IMG040406040649.jpg,542,736
IMG040406040710.jpg,742,694
IMG040406040713.jpg,697,653
IMG040406040734.jpg,485,717
IMG040406040736.jpg,417,626
IMG040406040841.jpg,754,676
IMG040406040844.jpg,537,548
IMG040406040917.jpg,462,740
IMG040406040919.jpg,400,672
IMG040406040922.jpg,451,731
IMG040406040925.jpg,405,676
IMG040406041000.jpg,754,685
IMG040406041003.jpg,714,521
IMG040406041037.jpg,565,694
IMG040406041040.jpg,17,461
IMG040406041042.jpg,565,690
IMG040406041044.jpg,17,461
IMG040406041047.jpg,560,681
IMG040406041049.jpg,17,973
IMG040406041404.jpg,800,763
IMG040406041406.jpg,714,736
IMG040406041427.jpg,571,653
IMG040406041430.jpg,451,566
IMG040406041457.jpg,725,644
IMG040406041500.jpg,657,608
IMG040406041502.jpg,720,644
IMG040406041504.jpg,657,608
IMG040406041615.jpg,714,557
IMG040406041617.jpg,634,525
IMG040406041652.jpg,571,617
IMG040406041655.jpg,388,489
IMG040406041730.jpg,731,690
IMG040406041732.jpg,680,658
IMG040406041756.jpg,520,740
IMG040406041759.jpg,228,626
IMG040406041900.jpg,794,557
IMG040406041903.jpg,611,420
IMG040406041936.jpg,525,731
IMG040406041939.jpg,474,690
IMG040406042008.jpg,760,726
IMG040406042013.jpg,754,722
IMG040406042016.jpg,662,571
IMG040406042049.jpg,548,603
IMG040406042052.jpg,474,571
IMG040406042130.jpg,725,681
IMG040406042133.jpg,634,626
IMG040406042202.jpg,508,708
IMG040406042204.jpg,360,658
IMG040406042230.jpg,731,685
IMG040406042232.jpg,680,672
IMG040406042258.jpg,525,676
IMG040406042300.jpg,468,580
IMG040406042302.jpg,525,658
IMG040406042304.jpg,468,580
IMG040406042327.jpg,777,777
IMG040406042329.jpg,702,736
IMG040406042427.jpg,725,672
IMG040406042429.jpg,674,626
IMG040406042728.jpg,502,795
IMG040406042730.jpg,228,626
IMG040406045946.jpg,520,717
IMG040406045949.jpg,297,617
IMG040406050553.jpg,702,617
IMG040406050556.jpg,485,420
IMG040406051649.jpg,760,722
IMG040406051653.jpg,754,717
IMG040406051656.jpg,565,589
IMG040406051734.jpg,628,790
IMG040406051737.jpg,428,667
IMG040406051812.jpg,742,708
IMG040406051814.jpg,674,662
IMG040406051846.jpg,514,717
IMG040406051848.jpg,365,621
IMG040406051929.jpg,725,626
IMG040406051933.jpg,725,621
IMG040406051935.jpg,651,571
IMG040406051956.jpg,497,704
IMG040406051959.jpg,434,690
IMG040406052027.jpg,725,626
IMG040406052029.jpg,662,566
IMG040406052052.jpg,502,763
IMG040406052055.jpg,428,736
IMG040406052116.jpg,771,740
IMG040406052119.jpg,685,672
IMG040406052145.jpg,565,699
IMG040406052148.jpg,485,626
IMG040406052328.jpg,731,658
IMG040406052331.jpg,514,470
IMG040406052414.jpg,571,804
IMG040406052417.jpg,394,662
IMG040406052510.jpg,822,818
IMG040406052513.jpg,634,658
IMG040406052546.jpg,542,772
IMG040406052551.jpg,537,768
IMG040406052554.jpg,320,704
IMG040406052628.jpg,742,704
IMG040406052630.jpg,680,662
IMG040406052658.jpg,548,800
IMG040406052700.jpg,485,758
IMG040406052742.jpg,748,717
IMG040406052745.jpg,748,717
IMG040406052748.jpg,685,685
IMG040406052808.jpg,531,726
IMG040406052811.jpg,474,672
IMG040406052837.jpg,754,694
IMG040406052840.jpg,680,621
IMG040406052902.jpg,520,603
IMG040406052905.jpg,411,580
IMG040406052926.jpg,748,713
IMG040406052929.jpg,668,662
IMG040406052958.jpg,508,740
IMG040406053001.jpg,451,676
IMG040406053121.jpg,731,658
IMG040406053123.jpg,571,530
IMG040406053202.jpg,542,726
IMG040406053204.jpg,354,621
IMG040406053241.jpg,765,754
IMG040406053246.jpg,765,754
IMG040406053249.jpg,588,644
IMG040406053324.jpg,502,704
IMG040406053327.jpg,268,585
IMG040406053329.jpg,502,699
IMG040406053332.jpg,302,630
IMG040406053412.jpg,782,754
IMG040406053414.jpg,685,685
IMG040406053435.jpg,514,676
IMG040406053437.jpg,445,644
IMG040406053458.jpg,760,768
IMG040406053500.jpg,708,731
IMG040406053526.jpg,554,708
IMG040406053529.jpg,497,662
IMG040406053551.jpg,782,786
IMG040406053554.jpg,702,726
IMG040406053634.jpg,508,626
IMG040406053637.jpg,440,580
IMG040406053639.jpg,508,626
IMG040406053641.jpg,445,580
IMG040406053719.jpg,754,717
IMG040406053722.jpg,680,653
IMG040406053743.jpg,508,754
IMG040406053745.jpg,422,676
IMG040406054643.jpg,571,800
IMG040406054646.jpg,365,690
IMG040406054747.jpg,748,640
IMG040406054750.jpg,565,530
IMG040406054823.jpg,502,699
IMG040406054826.jpg,285,562
IMG040406054907.jpg,742,708
IMG040406054910.jpg,588,617
IMG040406054943.jpg,468,713
IMG040406054946.jpg,360,658
IMG040406055010.jpg,754,690
IMG040406055013.jpg,685,617
IMG040406055034.jpg,485,685
IMG040406055036.jpg,405,621
IMG040406055058.jpg,725,658
IMG040406055101.jpg,657,571
IMG040406055123.jpg,537,685
IMG040406055126.jpg,480,617
IMG040406055149.jpg,777,717
IMG040406055151.jpg,685,640
IMG040406055218.jpg,571,630
IMG040406055220.jpg,497,562
IMG040406055305.jpg,748,681
IMG040406055308.jpg,680,626
IMG040406055352.jpg,502,768
IMG040406055355.jpg,291,667
IMG040406055450.jpg,765,635
IMG040619110010.jpg,657,448
IMG040619110013.jpg,434,352
IMG040619110041.jpg,600,457
IMG040619110043.jpg,560,425
